iata,lat,lon,country
AAA,-17.353,-145.51,PF
AAC,31.055,33.828,EG
AAE,36.827,7.813,DZ
AAK,0.185,173.637,KI
AAL,57.095,9.85,DK
AAN,24.262,55.609,AE
AAP,-0.374,117.25,ID
AAR,56.303,10.618,DK
AAT,47.75,88.086,CN
AAX,-19.563,-46.96,BR
AAY,16.193,52.174,YE
AAZ,14.866,-91.502,GT
ABA,53.74,91.385,RU
ABB,6.204,6.665,NG
ABD,30.368,48.23,IR
ABE,40.652,-75.443,US
ABI,32.411,-99.682,US
ABJ,5.261,-3.926,CI
ABK,6.733,44.241,ET
ABL,67.106,-157.855,US
ABM,-10.946,142.455,AU
ABQ,35.04,-106.609,US
ABR,45.449,-98.422,US
ABS,22.376,31.612,EG
ABT,20.299,41.636,SA
ABU,-9.075,124.903,ID
ABV,9.007,7.263,NG
ABX,-36.067,146.959,AU
ABY,31.533,-84.196,US
ABZ,57.202,-2.198,GB
ACA,16.757,-99.753,MX
ACC,5.605,-0.167,GH
ACE,28.945,-13.605,ES
ACF,40.435,81.262,CN
ACH,47.485,9.561,CH
ACI,49.706,-2.215,GG
ACK,41.253,-70.06,US
ACT,31.611,-97.23,US
ACV,40.978,-124.109,US
ACX,25.083,104.961,CN
ACY,39.456,-74.578,US
ADB,38.292,27.157,TR
ADD,8.978,38.799,ET
ADE,12.83,45.03,YE
ADF,37.731,38.469,TR
ADJ,31.973,35.992,JO
ADK,51.884,-176.643,US
ADL,-34.948,138.533,AU
ADQ,57.75,-152.494,US
ADU,38.326,48.424,IR
ADZ,12.584,-81.711,CO
AEB,23.721,106.96,CN
AEP,-34.559,-58.416,AR
AER,43.45,39.957,RU
AES,62.56,6.111,NO
AET,66.552,-152.622,US
AEU,25.876,55.033,IR
AEX,31.326,-92.547,US
AEY,65.657,-18.072,IS
AFA,-34.588,-68.404,AR
AFL,-9.866,-56.106,BR
AFZ,36.168,57.595,IR
AGA,30.322,-9.412,MA
AGE,53.783,7.92,DE
AGH,56.296,12.847,SE
AGI,5.841,-56.673,SR
AGJ,26.593,127.24,JP
AGP,36.678,-4.5,ES
AGR,27.158,77.961,IN
AGS,33.37,-81.965,US
AGT,-25.457,-54.84,PY
AGU,21.7,-102.318,MX
AGX,10.824,72.176,IN
AHA,22.988,83.196,IN
AHB,18.24,42.657,SA
AHE,-14.428,-146.257,PF
AHO,40.632,8.291,IT
AHU,35.177,-3.84,MA
AIA,42.053,-102.804,US
AIN,70.638,-159.995,US
AIP,31.434,75.759,IN
AIT,-18.831,-159.764,CK
AIU,-19.968,-158.119,CK
AJA,41.924,8.803,FR
AJF,29.783,40.101,SA
AJI,39.656,43.026,TR
AJL,23.841,92.62,IN
AJN,-12.131,44.43,KM
AJR,65.59,19.282,SE
AJU,-10.984,-37.073,BR
AKA,32.757,108.873,CN
AKB,52.22,-174.206,US
AKF,24.179,23.314,LY
AKI,60.903,-161.231,US
AKJ,43.671,142.447,JP
AKK,56.939,-154.183,US
AKL,-37.012,174.786,NZ
AKN,58.678,-156.652,US
AKP,68.134,-151.743,US
AKR,7.247,5.301,NG
AKS,-8.703,160.682,SB
AKU,41.263,80.292,CN
AKV,60.819,-78.149,CA
AKX,50.248,57.204,KZ
AKY,20.133,92.871,MM
ALA,43.354,77.043,KZ
ALB,42.748,-73.802,US
ALC,38.282,-0.558,ES
ALF,69.976,23.372,NO
ALG,36.694,3.215,DZ
ALH,-34.943,117.809,AU
ALO,42.557,-92.4,US
ALP,36.181,37.227,SY
ALS,37.435,-105.867,US
ALW,46.095,-118.288,US
AMA,35.218,-101.706,US
AMD,23.077,72.635,IN
AMH,6.039,37.59,ET
AMM,31.723,35.993,JO
AMQ,-3.71,128.089,ID
AMS,52.309,4.764,NL
AMV,69.764,61.557,RU
ANC,61.179,-149.993,US
ANF,-23.445,-70.445,CL
ANI,61.582,-159.543,US
ANR,51.191,4.463,BE
ANS,-13.706,-73.35,PE
ANU,17.137,-61.793,AG
ANV,62.647,-160.191,US
ANX,69.295,16.139,NO
AOE,39.812,30.519,TR
AOG,41.105,122.854,CN
AOI,43.616,13.362,IT
AOJ,40.734,140.689,JP
AOK,35.421,27.146,GR
AOO,40.296,-78.32,US
AOR,6.19,100.398,MY
APK,-15.574,-146.415,PF
APL,-15.106,39.282,MZ
APN,45.078,-83.56,US
APO,7.812,-76.716,CO
APW,-13.83,-172.008,WS
AQA,-21.812,-48.133,BR
AQG,30.582,117.05,CN
AQI,28.336,46.127,SA
AQJ,29.612,35.018,JO
AQP,-16.341,-71.569,PE
ARC,68.115,-145.579,US
ARD,-8.132,124.597,ID
ARH,64.6,40.717,RU
ARI,-18.348,-70.339,CL
ARK,-3.368,36.633,TZ
ARM,-30.528,151.617,AU
ARN,59.648,17.929,SE
ART,43.992,-76.022,US
ARU,-21.141,-50.425,BR
ARW,46.176,21.264,RO
ASB,37.987,58.361,TM
ASD,24.698,-77.796,BS
ASE,39.223,-106.869,US
ASF,46.283,48.011,RU
ASI,-7.97,-14.393,SH
ASJ,28.431,129.713,JP
ASM,15.292,38.911,ER
ASO,10.019,34.586,ET
ASP,-23.807,133.903,AU
ASR,38.77,35.495,TR
ASU,-25.24,-57.519,PY
ASV,-2.645,37.253,KE
ASW,23.961,32.82,EG
ATC,24.629,-75.674,BS
ATH,37.936,23.945,GR
ATK,70.467,-157.436,US
ATL,33.637,-84.428,US
ATM,-3.253,-52.254,BR
ATQ,31.71,74.797,IN
ATT,60.867,-162.273,US
ATW,44.259,-88.519,US
ATY,44.914,-97.155,US
ATZ,27.046,31.013,EG
AUA,12.501,-70.014,AW
AUC,7.069,-70.737,CO
AUG,44.321,-69.797,US
AUH,24.441,54.649,AE
AUK,62.683,-164.722,US
AUL,8.145,171.173,MH
AUQ,-9.769,-139.011,PF
AUR,44.891,2.422,FR
AUS,30.198,-97.662,US
AUU,-13.354,141.72,AU
AUX,-7.228,-48.241,BR
AVA,26.261,105.873,CN
AVK,46.25,102.802,MN
AVL,35.435,-82.542,US
AVN,43.907,4.902,FR
AVP,41.337,-75.724,US
AVR,20.815,77.718,IN
AVV,-38.04,144.467,AU
AWA,7.101,38.396,ET
AWK,19.282,166.637,UM
AWZ,31.336,48.764,IR
AXA,18.205,-63.054,AI
AXD,40.856,25.956,GR
AXF,38.748,105.584,CN
AXJ,32.482,130.159,JP
AXM,4.453,-75.766,CO
AXP,22.442,-73.971,BS
AXR,-15.248,-146.617,PF
AXT,39.616,140.219,JP
AXU,14.147,38.773,ET
AYJ,26.748,82.164,IN
AYP,-13.155,-74.204,PE
AYQ,-25.186,130.977,AU
AYT,36.899,30.801,TR
AZA,33.308,-111.655,US
AZD,31.905,54.277,IR
AZN,40.728,72.294,UZ
AZO,42.232,-85.55,US
AZR,27.838,-0.186,DZ
AZS,19.269,-69.737,DO
BAH,26.267,50.638,BH
BAL,37.929,41.117,TR
BAQ,10.89,-74.781,CO
BAR,19.141,110.453,CN
BAS,-6.991,155.887,SB
BAV,40.56,109.997,CN
BAX,53.361,83.54,RU
BAY,47.658,23.464,RO
BAZ,-0.981,-62.919,BR
BBA,-45.916,-71.689,CL
BBG,3.086,172.811,KI
BBI,20.251,85.815,IN
BBK,-17.832,25.166,BW
BBM,13.096,103.224,KH
BBN,3.735,115.479,MY
BBO,10.385,44.937,SO
BBQ,17.621,-61.798,AG
BBR,16.014,-61.743,GP
BBU,44.503,26.103,RO
BCA,20.365,-74.506,CU
BCD,10.776,123.019,PH
BCH,-8.486,126.4,TL
BCI,-23.566,145.302,AU
BCM,46.522,26.91,RO
BCN,41.297,2.078,ES
BCO,5.75,36.56,ET
BCU,10.483,9.744,NG
BDA,32.364,-64.678,BM
BDB,-24.905,152.323,AU
BDD,-10.15,142.174,AU
BDH,26.532,54.825,IR
BDJ,-3.44,114.761,ID
BDL,41.939,-72.688,US
BDO,-6.901,107.576,ID
BDP,26.571,88.08,NP
BDQ,22.336,73.226,IN
BDS,40.658,17.947,IT
BDT,4.253,20.975,CD
BDU,69.056,18.54,NO
BEB,57.481,-7.363,GB
BED,42.47,-71.289,US
BEF,11.991,-83.774,NI
BEG,44.818,20.309,RS
BEJ,2.148,117.431,ID
BEK,28.422,79.451,IN
BEL,-1.379,-48.476,BR
BEM,32.402,-6.316,MA
BEN,32.097,20.27,LY
BER,52.362,13.502,DE
BES,48.448,-4.419,FR
BET,60.78,-161.838,US
BEU,-24.346,139.46,AU
BEW,-19.796,34.908,MZ
BEY,33.82,35.487,LB
BFD,41.803,-78.64,US
BFF,41.874,-103.596,US
BFI,47.527,-122.3,US
BFJ,27.267,105.472,CN
BFL,35.434,-119.057,US
BFN,-29.093,26.302,ZA
BFQ,7.587,-78.18,PA
BFS,54.658,-6.216,GB
BFV,15.229,103.253,TH
BFY,33.166,117.058,CN
BGA,7.127,-73.185,CO
BGC,41.858,-6.707,PT
BGF,4.398,18.519,CF
BGG,38.86,40.594,TR
BGI,13.075,-59.491,BB
BGK,16.519,-88.408,BZ
BGM,42.209,-75.98,US
BGO,60.293,5.218,NO
BGR,44.806,-68.827,US
BGW,33.263,44.235,IQ
BGY,45.669,9.709,IT
BHB,44.45,-68.362,US
BHD,54.618,-5.872,GB
BHE,-41.518,173.87,NZ
BHH,19.984,42.621,SA
BHI,-38.725,-62.169,AR
BHJ,23.288,69.67,IN
BHK,39.775,64.482,UZ
BHM,33.563,-86.751,US
BHO,23.288,77.337,IN
BHQ,-32.001,141.472,AU
BHR,27.678,84.429,NP
BHS,-33.407,149.651,AU
BHU,21.752,72.185,IN
BHV,29.348,71.718,PK
BHX,52.454,-1.748,GB
BHY,21.539,109.294,CN
BIA,42.553,9.484,FR
BID,41.168,-71.579,US
BIH,37.373,-118.364,US
BIK,-1.19,136.108,ID
BIL,45.809,-108.541,US
BIM,25.7,-79.265,BS
BIO,43.301,-2.911,ES
BIQ,43.468,-1.523,FR
BIR,26.482,87.264,NP
BIS,46.773,-100.747,US
BJA,36.713,5.07,DZ
BJB,37.493,57.308,IR
BJC,39.909,-105.117,US
BJF,70.6,29.693,NO
BJL,13.338,-16.652,GM
BJM,-3.324,29.319,BI
BJR,11.608,37.322,ET
BJV,37.249,27.664,TR
BJX,20.993,-101.48,MX
BJZ,38.891,-6.821,ES
BKC,65.982,-161.149,US
BKG,36.532,-93.201,US
BKI,5.933,116.049,MY
BKK,13.681,100.747,TH
BKM,3.974,115.618,MY
BKN,39.681,54.206,TM
BKO,12.534,-7.95,ML
BKQ,-24.432,145.43,AU
BKS,-3.864,102.339,ID
BKW,37.787,-81.124,US
BKZ,-1.332,31.821,TZ
BLA,10.111,-64.692,VE
BLB,8.915,-79.6,PA
BLD,35.947,-114.859,US
BLE,60.422,15.515,SE
BLI,48.793,-122.538,US
BLJ,35.752,6.309,DZ
BLL,55.74,9.157,DK
BLQ,44.535,11.289,IT
BLR,13.198,77.706,IN
BLV,38.545,-89.835,US
BLW,4.767,45.239,SO
BLZ,-15.677,34.972,MW
BMA,59.354,17.942,SE
BME,-17.949,122.228,AU
BMI,40.477,-88.916,US
BMK,53.596,6.709,DE
BMO,24.27,97.248,MM
BMR,53.725,7.373,DE
BMU,-8.537,118.685,ID
BMV,12.668,108.12,VN
BMW,21.378,0.927,DZ
BMY,-19.721,163.661,NC
BNA,36.124,-86.678,US
BNB,-0.287,20.884,CD
BND,27.218,56.378,IR
BNE,-27.384,153.117,AU
BNI,6.317,5.6,NG
BNK,-28.833,153.561,AU
BNN,65.461,12.217,NO
BNS,8.615,-70.214,VE
BNX,44.941,17.298,BA
BNY,-11.302,159.798,SB
BOB,-16.444,-151.751,PF
BOC,9.341,-82.251,PA
BOD,44.829,-0.715,FR
BOG,4.702,-74.147,CO
BOH,50.78,-1.84,GB
BOI,43.564,-116.223,US
BOJ,42.57,27.515,BG
BOM,19.089,72.868,IN
BON,12.131,-68.269,BQ
BOO,67.269,14.365,NO
BOR,20.324,100.165,LA
BOS,42.362,-71.008,US
BOT,-7.237,141.106,PG
BOY,11.16,-4.331,BF
BPE,39.666,119.061,CN
BPL,44.895,82.3,CN
BPN,-1.268,116.895,ID
BPS,-16.438,-39.081,BR
BPT,29.951,-94.021,US
BPX,30.554,97.108,CN
BPY,-16.745,44.482,MG
BQB,-33.687,115.4,AU
BQG,52.381,140.449,RU
BQJ,67.648,134.695,RU
BQK,31.259,-81.466,US
BQL,-22.913,139.9,AU
BQN,18.495,-67.129,PR
BQS,50.427,127.416,RU
BQT,52.108,23.897,BY
BQU,12.988,-61.262,VC
BRA,-12.079,-45.009,BR
BRC,-41.151,-71.158,AR
BRD,46.403,-94.13,US
BRE,53.047,8.789,DE
BRI,41.139,16.761,IT
BRK,-30.039,145.952,AU
BRL,40.783,-91.126,US
BRM,10.043,-69.359,VE
BRN,46.913,7.499,CH
BRO,25.907,-97.425,US
BRQ,49.151,16.694,CZ
BRR,57.023,-7.443,GB
BRS,51.382,-2.716,GB
BRU,50.901,4.484,BE
BRW,71.285,-156.766,US
BRX,18.251,-71.12,DO
BSA,11.275,49.139,SO
BSB,-15.869,-47.921,BR
BSC,6.203,-77.395,CO
BSD,25.053,99.168,CN
BSG,1.905,9.806,GQ
BSK,34.793,5.739,DZ
BSL,47.601,7.521,FR
BSO,20.451,121.98,PH
BSR,30.549,47.662,IQ
BSX,16.815,94.78,MM
BSZ,43.061,74.478,KG
BTC,7.705,81.677,LK
BTH,1.121,104.119,ID
BTI,70.134,-143.582,US
BTJ,5.525,95.42,ID
BTK,56.37,101.702,RU
BTM,45.955,-112.497,US
BTR,30.533,-91.15,US
BTS,48.17,17.213,SK
BTT,66.914,-151.529,US
BTU,3.124,113.02,MY
BTV,44.472,-73.153,US
BTW,-3.412,115.995,ID
BUA,-5.422,154.673,PG
BUC,-17.749,139.534,AU
BUD,47.43,19.262,HU
BUF,42.94,-78.732,US
BUI,-3.685,138.677,ID
BUN,3.82,-76.99,CO
BUQ,-20.016,28.623,ZW
BUR,34.203,-118.358,US
BUS,41.609,41.6,GE
BUT,27.562,90.747,BT
BUU,-1.542,102.182,ID
BUX,1.566,30.221,CD
BUZ,28.945,50.835,IR
BVA,49.454,2.113,FR
BVB,2.846,-60.691,BR
BVC,16.136,-22.889,CV
BVE,45.04,1.486,FR
BVG,70.872,29.034,NO
BVH,-12.694,-60.098,BR
BVI,-25.897,139.348,AU
BVJ,70.315,68.334,RU
BVS,-1.637,-50.444,BR
BWA,27.505,83.41,NP
BWI,39.175,-76.668,US
BWK,43.284,16.678,HR
BWN,4.944,114.928,BN
BWO,51.858,47.746,RU
BWT,-40.997,145.726,AU
BWX,-8.31,114.34,ID
BXG,-36.739,144.33,AU
BXH,46.894,75.005,KZ
BXR,29.084,58.45,IR
BXT,0.122,117.477,ID
BXU,8.951,125.479,PH
BXY,45.622,63.211,KZ
BYK,7.739,-5.074,CI
BYM,20.396,-76.621,CU
BYN,46.163,100.704,MN
BYO,-21.247,-56.452,BR
BYR,57.277,11.0,DK
BYW,48.579,-122.824,US
BZE,17.54,-88.304,BZ
BZG,53.097,17.978,PL
BZI,39.619,27.926,TR
BZL,22.801,90.301,BD
BZN,45.779,-111.154,US
BZO,46.459,11.326,IT
BZR,43.324,3.354,FR
BZV,-4.252,15.253,CG
BZX,31.738,106.645,CN
CAB,-5.598,12.188,AO
CAC,-25.0,-53.501,BR
CAE,33.938,-81.123,US
CAF,-4.871,-66.898,BR
CAG,39.251,9.054,IT
CAH,9.178,105.178,VN
CAI,30.112,31.397,EG
CAJ,6.232,-62.855,VE
CAK,40.916,-81.442,US
CAL,55.437,-5.686,GB
CAN,23.392,113.299,CN
CAP,19.726,-72.201,HT
CAT,38.725,-9.355,PT
CAU,-8.282,-36.014,BR
CAW,-21.698,-41.302,BR
CAY,4.82,-52.361,GF
CAZ,-31.538,145.794,AU
CBB,-17.421,-66.177,BO
CBH,31.646,-2.27,DZ
CBO,7.165,124.21,PH
CBQ,4.976,8.347,NG
CBR,-35.307,149.195,AU
CBT,-12.479,13.487,AO
CCA,-16.977,-65.146,BO
CCC,22.461,-78.328,CU
CCE,30.065,31.84,EG
CCF,43.216,2.306,FR
CCJ,11.136,75.955,IN
CCK,-12.192,96.834,CC
CCP,-36.772,-73.063,CL
CCR,37.99,-122.057,US
CCS,10.602,-66.991,VE
CCU,22.654,88.448,IN
CCV,-16.265,167.924,VU
CCZ,25.417,-77.881,BS
CDB,55.208,-162.725,US
CDC,37.701,-113.099,US
CDE,41.123,118.074,CN
CDG,49.009,2.554,FR
CDP,14.513,78.769,IN
CDR,42.838,-103.095,US
CDT,40.214,0.073,ES
CDV,60.492,-145.478,US
CEB,10.309,123.98,PH
CEC,41.779,-124.236,US
CED,-32.131,133.71,AU
CEE,59.274,38.016,RU
CEI,19.952,99.883,TH
CEK,55.303,61.505,RU
CEL,-29.37,-50.832,BR
CEM,65.574,-144.781,US
CEN,27.393,-109.833,MX
CEZ,37.303,-108.628,US
CFB,-22.921,-42.072,BR
CFE,45.787,3.169,FR
CFG,22.15,-80.414,CU
CFK,36.217,1.341,DZ
CFN,55.044,-8.341,IE
CFR,49.177,-0.455,FR
CFS,-30.321,153.116,AU
CFU,39.601,19.912,GR
CGB,-15.653,-56.117,BR
CGD,28.919,111.64,CN
CGH,-23.628,-46.655,BR
CGI,37.225,-89.571,US
CGK,-6.126,106.656,ID
CGM,9.254,124.709,PH
CGN,50.866,7.143,DE
CGO,34.526,113.849,CN
CGP,22.25,91.813,BD
CGQ,43.996,125.685,CN
CGR,-20.47,-54.674,BR
CGY,8.612,124.456,PH
CHA,35.035,-85.204,US
CHC,-43.489,172.532,NZ
CHG,41.538,120.435,CN
CHH,-6.202,-77.856,PE
CHM,-9.15,-78.524,PE
CHO,38.139,-78.453,US
CHQ,35.531,24.151,GR
CHS,32.896,-80.038,US
CHT,-43.812,-176.465,NZ
CHU,61.579,-159.216,US
CHX,9.459,-82.515,PA
CHY,-6.712,156.396,SB
CIA,41.799,12.595,IT
CID,41.885,-91.711,US
CIF,42.16,118.841,CN
CIH,36.248,113.126,CN
CIJ,-11.039,-68.783,BO
CIK,66.645,-143.74,US
CIT,42.365,69.476,KZ
CIU,46.242,-84.462,US
CIW,12.699,-61.342,VC
CIX,-6.789,-79.828,PE
CIY,36.996,14.609,IT
CJA,-7.139,-78.489,PE
CJB,11.03,77.043,IN
CJC,-22.498,-68.904,CL
CJJ,36.716,127.5,KR
CJL,35.886,71.8,PK
CJM,10.711,99.362,TH
CJN,-7.72,108.489,ID
CJS,31.637,-106.429,MX
CJU,33.512,126.493,KR
CJZ,-6.883,-38.616,BR
CKB,39.297,-80.228,US
CKD,61.87,-158.138,US
CKG,29.712,106.652,CN
CKH,70.623,147.902,RU
CKS,-6.118,-50.003,BR
CKW,-22.354,119.643,AU
CKX,64.066,-141.951,US
CKY,9.577,-13.612,GN
CKZ,40.138,26.427,TR
CLD,33.128,-117.28,US
CLE,41.412,-81.85,US
CLJ,46.786,23.686,RO
CLL,30.589,-96.364,US
CLO,3.543,-76.382,CO
CLP,58.834,-158.529,US
CLQ,19.277,-103.577,MX
CLT,35.214,-80.943,US
CLV,-17.725,-48.606,BR
CLY,42.53,8.793,FR
CMA,-28.03,145.622,AU
CMB,7.181,79.884,LK
CME,18.652,-91.799,MX
CMF,45.638,5.88,FR
CMG,-19.012,-57.673,BR
CMH,39.998,-82.892,US
CMI,40.04,-88.276,US
CMN,33.367,-7.59,MA
CMU,-6.024,144.971,PG
CMW,21.42,-77.848,CU
CMX,47.168,-88.489,US
CNB,-30.981,148.378,AU
CNC,-10.05,143.07,AU
CND,44.362,28.488,RO
CNF,-19.636,-43.967,BR
CNI,39.266,122.667,CN
CNJ,-20.669,140.504,AU
CNM,32.338,-104.263,US
CNN,11.916,75.545,IN
CNP,70.743,-22.65,GL
CNQ,-27.445,-58.762,AR
CNS,-16.879,145.749,AU
CNX,18.767,98.963,TH
CNY,38.755,-109.755,US
COD,44.52,-109.024,US
COK,10.151,76.401,IN
COL,56.602,-6.618,GB
COO,6.357,2.384,BJ
COQ,48.135,114.647,MN
COR,-31.312,-64.208,AR
COS,38.806,-104.701,US
COU,38.818,-92.22,US
COV,36.891,35.071,TR
CPC,-40.075,-71.137,AR
CPD,-29.038,134.722,AU
CPE,19.816,-90.5,MX
CPH,55.618,12.656,DK
CPO,-27.261,-70.779,CL
CPR,42.907,-106.462,US
CPT,-33.974,18.604,ZA
CPV,-7.27,-35.896,BR
CPX,18.313,-65.304,PR
CQW,29.466,107.694,CN
CRA,44.318,23.889,RO
CRD,-45.787,-67.463,AR
CRI,22.746,-74.182,BS
CRK,15.186,120.56,PH
CRL,50.462,4.46,BE
CRM,12.502,124.635,PH
CRP,27.77,-97.501,US
CRU,12.476,-61.473,GD
CRV,38.997,17.08,IT
CRW,38.373,-81.593,US
CRZ,38.931,63.564,TM
CSA,56.057,-6.243,GB
CSG,32.516,-84.94,US
CSH,65.03,35.731,RU
CSK,12.395,-16.748,SN
CSW,22.949,-109.939,MX
CSX,28.189,113.22,CN
CSY,56.09,47.347,RU
CTA,37.467,15.066,IT
CTC,-28.593,-65.751,AR
CTD,7.988,-80.41,PA
CTG,10.442,-75.513,CO
CTL,-26.413,146.262,AU
CTM,18.505,-88.328,MX
CTN,-15.444,145.183,AU
CTS,42.775,141.69,JP
CTU,30.558,103.946,CN
CUA,25.054,-111.615,MX
CUC,7.928,-72.511,CO
CUE,-2.889,-78.984,EC
CUF,44.547,7.623,IT
CUK,17.735,-88.033,BZ
CUL,24.765,-107.475,MX
CUM,10.45,-64.13,VE
CUN,21.041,-86.873,MX
CUP,10.66,-63.262,VE
CUQ,-13.761,143.113,AU
CUR,12.189,-68.96,CW
CUU,28.703,-105.964,MX
CUZ,-13.536,-71.939,PE
CVG,39.049,-84.668,US
CVM,23.703,-98.956,MX
CVN,34.427,-103.079,US
CVQ,-24.884,113.666,AU
CVU,39.672,-31.114,PT
CWA,44.777,-89.67,US
CWB,-25.529,-49.176,BR
CWJ,23.276,99.373,CN
CWL,51.397,-3.343,GB
CWS,48.49,-122.832,US
CXB,21.458,91.963,BD
CXI,1.986,-157.35,KI
CXJ,-29.197,-51.188,BR
CXP,-7.645,109.034,ID
CXR,11.998,109.219,VN
CYA,18.271,-73.788,HT
CYB,19.687,-79.883,KY
CYC,17.684,-88.045,BZ
CYF,60.137,-164.279,US
CYI,23.463,120.391,TW
CYO,21.617,-81.546,CU
CYP,12.073,124.545,PH
CYS,41.156,-104.812,US
CYT,60.081,-142.495,US
CYU,10.858,121.069,PH
CYX,68.741,161.338,RU
CYZ,16.93,121.753,PH
CZE,11.415,-69.681,VE
CZH,18.382,-88.412,BZ
CZL,36.276,6.62,DZ
CZM,20.515,-86.929,MX
CZS,-7.6,-72.77,BR
CZU,9.333,-75.286,CO
CZX,31.92,119.775,CN
DAB,29.183,-81.059,US
DAC,23.843,90.398,BD
DAD,16.044,108.199,VN
DAL,32.845,-96.848,US
DAM,33.411,36.516,SY
DAR,-6.873,39.207,TZ
DAT,40.061,113.481,CN
DAU,-9.087,143.208,PG
DAV,8.389,-82.436,PA
DAX,31.13,107.43,CN
DAY,39.902,-84.219,US
DBA,28.878,64.4,PK
DBB,30.924,28.462,EG
DBC,45.505,123.02,CN
DBM,10.322,37.742,ET
DBO,-32.217,148.575,AU
DBQ,42.402,-90.71,US
DBR,26.193,85.917,IN
DBV,42.562,18.266,HR
DCA,38.852,-77.038,US
DCF,15.337,-61.392,DM
DCM,43.556,2.289,FR
DCY,29.316,100.06,CN
DDC,37.763,-99.966,US
DDG,40.025,124.287,CN
DDR,28.605,86.798,CN
DEA,29.961,70.486,PK
DEB,47.489,21.616,HU
DEC,39.835,-88.866,US
DED,30.189,78.177,IN
DEE,43.961,145.685,RU
DEF,32.434,48.398,IR
DEL,28.556,77.095,IN
DEM,8.554,34.858,ET
DEN,39.86,-104.674,US
DEX,-4.856,139.482,ID
DFW,32.897,-97.038,US
DGA,16.983,-88.231,BZ
DGH,24.447,86.705,IN
DGO,24.125,-104.528,MX
DGT,9.334,123.302,PH
DHM,32.165,76.263,IN
DHN,31.321,-85.45,US
DHX,-7.75,111.947,ID
DIA,25.259,51.566,QA
DIB,27.484,95.017,IN
DIE,-12.349,49.292,MG
DIG,27.794,99.677,CN
DIK,46.798,-102.802,US
DIL,-8.547,125.525,TL
DIN,21.397,103.008,VN
DIR,9.624,41.855,ET
DIU,20.714,70.922,IN
DIY,37.894,40.201,TR
DJB,-1.639,103.645,ID
DJE,33.874,10.777,TN
DJG,24.285,9.464,DZ
DJJ,-2.58,140.52,ID
DJT,26.683,-80.096,US
DKA,13.008,7.66,NG
DLA,4.006,9.719,CM
DLC,38.966,121.538,CN
DLE,47.039,5.428,FR
DLG,59.045,-158.505,US
DLH,46.842,-92.199,US
DLI,11.751,108.367,VN
DLM,36.713,28.793,TR
DLR,45.88,133.738,RU
DLU,25.649,100.319,CN
DLZ,43.609,104.368,MN
DMB,42.854,71.304,KZ
DMD,-17.94,138.822,AU
DME,55.409,37.906,RU
DMK,13.913,100.607,TH
DMM,26.469,49.798,SA
DMU,25.884,93.771,IN
DND,56.452,-3.026,GB
DNH,40.162,94.813,CN
DNZ,37.786,29.701,TR
DOD,-6.171,35.756,TZ
DOG,19.154,30.43,SD
DOH,25.273,51.608,QA
DOL,49.365,0.154,FR
DOM,15.547,-61.301,DM
DOP,28.986,82.819,NP
DOV,39.13,-75.466,US
DOY,37.501,118.79,CN
DPL,8.602,123.342,PH
DPO,-41.17,146.43,AU
DPS,-8.748,115.167,ID
DPT,69.393,139.89,RU
DQA,46.751,125.139,CN
DQM,19.502,57.634,OM
DRG,66.069,-162.767,US
DRJ,4.111,-54.673,SR
DRO,37.152,-107.754,US
DRP,13.112,123.677,PH
DRS,51.134,13.768,DE
DRV,5.156,73.13,MV
DRW,-12.415,130.882,AU
DSD,16.297,-61.084,GP
DSE,11.11,39.726,ET
DSI,30.4,-86.471,US
DSM,41.534,-93.657,US
DSN,39.494,109.86,CN
DSO,39.745,127.474,KP
DSS,14.671,-17.073,SN
DSY,10.914,103.227,KH
DTB,2.26,98.992,ID
DTD,0.807,114.529,ID
DTM,51.518,7.612,DE
DTR,48.5,-122.814,US
DTU,48.441,126.128,CN
DTW,42.214,-83.354,US
DUB,53.429,-6.262,IE
DUD,-45.929,170.198,NZ
DUE,-7.401,20.819,AO
DUJ,41.178,-78.899,US
DUM,1.609,101.433,ID
DUR,-29.614,31.12,ZA
DUS,51.29,6.767,DE
DUT,53.899,-166.545,US
DVL,48.115,-98.909,US
DVO,7.126,125.646,PH
DWB,-16.102,45.359,MG
DWC,24.896,55.162,AE
DWD,24.45,44.121,SA
DXB,25.25,55.371,AE
DXJ,28.497,109.522,CN
DXN,28.18,77.612,IN
DYG,29.105,110.443,CN
DYR,64.735,177.741,RU
DYU,38.544,68.823,TJ
DZA,-12.809,45.282,YT
DZH,31.049,107.436,CN
DZN,47.709,67.738,KZ
EAA,64.778,-141.15,US
EAM,17.611,44.419,SA
EAR,40.727,-99.007,US
EAS,43.356,-1.791,ES
EAT,47.399,-120.207,US
EAU,44.866,-91.484,US
EAX,5.864,-55.19,SR
EBA,42.761,10.24,IT
EBB,0.042,32.444,UG
EBD,13.153,30.233,SD
EBH,33.722,1.093,DZ
EBJ,55.526,8.553,DK
EBL,36.236,43.947,IQ
ECN,35.153,33.507,CY
ECP,30.357,-85.795,US
EDI,55.95,-3.372,GB
EDL,0.404,35.239,KE
EDO,39.553,27.01,TR
EDR,-14.896,141.609,AU
EEK,60.213,-162.044,US
EFL,38.12,20.5,GR
EGC,44.825,0.519,FR
EGE,39.643,-106.918,US
EGS,65.283,-14.401,IS
EGX,58.184,-157.375,US
EHU,30.341,115.039,CN
EIE,58.474,92.113,RU
EIN,51.45,5.375,NL
EIS,18.445,-64.542,VG
EJA,7.024,-73.807,CO
EJH,26.199,36.476,SA
EJT,6.04,171.985,MH
EKO,40.825,-115.792,US
EKS,49.19,142.083,RU
ELC,-12.019,135.571,AU
ELD,33.221,-92.813,US
ELF,13.615,25.325,SD
ELG,30.581,2.862,DZ
ELH,25.476,-76.681,BS
ELI,64.615,-162.272,US
ELM,42.16,-76.892,US
ELP,31.81,-106.376,US
ELQ,26.303,43.774,SA
ELS,-33.036,27.826,ZA
ELU,33.511,6.777,DZ
EMA,52.831,-1.328,GB
EMD,-23.567,148.179,AU
EME,53.391,7.228,DE
EMK,62.786,-164.491,US
ENA,60.571,-151.245,US
ENE,-8.849,121.661,ID
ENF,68.363,23.424,FI
ENH,30.32,109.485,CN
ENI,11.202,119.416,PH
ENO,-27.228,-55.838,PY
ENT,11.341,162.328,MH
ENU,6.474,7.56,NG
ENY,36.479,109.464,CN
EOH,6.22,-75.591,CO
EOI,59.191,-2.772,GB
EPR,-33.684,121.823,AU
EPU,58.419,24.473,EE
EQS,-42.908,-71.14,AR
ERC,39.71,39.527,TR
ERF,50.978,10.961,DE
ERH,31.948,-4.398,MA
ERI,42.083,-80.174,US
ERL,43.424,112.091,CN
ERS,-22.605,17.079,NA
ERZ,39.957,41.17,TR
ESB,40.128,32.995,TR
ESC,45.723,-87.089,US
ESD,48.708,-122.91,US
ESL,46.374,44.331,RU
ESM,0.979,-79.627,EC
ESR,-26.311,-69.765,CL
ESU,31.397,-9.682,MA
ETM,29.727,35.014,IL
ETR,-3.442,-79.997,EC
ETZ,48.982,6.251,FR
EUA,-21.378,-174.958,TO
EUG,44.125,-123.212,US
EUN,27.142,-13.225,EH
EUX,17.497,-62.979,BQ
EVE,68.491,16.678,NO
EVG,62.048,14.423,SE
EVN,40.149,44.398,AM
EVV,38.037,-87.532,US
EWB,41.676,-70.957,US
EWN,35.073,-77.043,US
EWR,40.689,-74.171,US
EXT,50.734,-3.414,GB
EYK,63.687,66.699,RU
EYP,5.319,-72.384,CO
EYW,24.556,-81.76,US
EZE,-34.822,-58.536,AR
EZS,38.598,39.283,TR
FAE,62.063,-7.276,FO
FAI,64.815,-147.856,US
FAO,37.016,-7.971,PT
FAR,46.921,-96.816,US
FAT,36.776,-119.718,US
FAV,-16.054,-145.657,PF
FAY,34.991,-78.88,US
FBD,37.122,70.52,AF
FBE,-26.059,-53.064,BR
FBM,-11.591,27.531,CD
FCA,48.311,-114.256,US
FCN,53.768,8.659,DE
FCO,41.805,12.252,IT
FDE,61.391,5.757,NO
FDF,14.591,-61.003,MQ
FDH,47.671,9.511,DE
FDU,-3.311,17.382,CD
FEG,40.359,71.745,UZ
FEN,-3.855,-32.423,BR
FEZ,33.927,-4.978,MA
FGU,-15.82,-140.888,PF
FHZ,-15.992,-140.164,PF
FIE,59.535,-1.629,GB
FIH,-4.386,15.445,CD
FIZ,-18.184,125.56,AU
FJR,25.108,56.328,AE
FKB,48.779,8.081,DE
FKI,0.482,25.338,CD
FKQ,-2.921,132.267,ID
FKS,37.227,140.431,JP
FLA,1.589,-75.564,CO
FLG,35.14,-111.67,US
FLL,26.073,-80.153,US
FLN,-27.67,-48.553,BR
FLO,34.185,-79.724,US
FLR,43.809,11.203,IT
FLS,-40.092,147.993,AU
FLW,39.455,-31.131,PT
FLZ,1.557,98.887,ID
FMA,-26.213,-58.228,AR
FMI,-5.876,29.25,CD
FMM,47.988,10.238,DE
FMO,52.134,7.688,DE
FMT,0.193,73.197,MV
FNA,8.616,-13.195,SL
FNC,32.698,-16.775,PT
FND,6.162,73.288,MV
FNI,43.757,4.416,FR
FNJ,39.224,125.67,KP
FNT,42.969,-83.743,US
FOA,60.122,-2.053,GB
FOC,25.929,119.673,CN
FOD,42.553,-94.191,US
FOG,41.434,15.535,IT
FON,10.469,-84.579,CR
FOR,-3.776,-38.532,BR
FPO,26.558,-78.696,BS
FRA,50.027,8.558,DE
FRD,48.524,-123.025,US
FRE,-8.107,159.577,SB
FRL,44.195,12.07,IT
FRO,61.584,5.025,NO
FRS,16.914,-89.866,GT
FRW,-21.159,27.469,BW
FSC,41.502,9.097,FR
FSD,43.585,-96.741,US
FSH,2.27,97.968,ID
FSM,35.337,-94.367,US
FSP,46.763,-56.175,PM
FSZ,34.795,138.191,JP
FTA,-19.516,170.232,VU
FTE,-50.28,-72.053,AR
FTI,-14.216,-169.424,AS
FTU,-25.038,46.956,MG
FTW,32.82,-97.361,US
FUE,28.453,-13.864,ES
FUG,32.882,115.734,CN
FUJ,32.666,128.833,JP
FUK,33.586,130.451,JP
FUN,-8.524,179.197,TV
FUO,23.082,113.071,CN
FUT,-14.312,-178.066,WF
FWA,40.979,-85.194,US
FYJ,48.197,134.363,CN
FYN,46.804,89.512,CN
FYU,66.572,-145.25,US
GAJ,38.412,140.371,JP
GAL,64.736,-156.937,US
GAM,63.768,-171.733,US
GAN,-0.693,73.153,MV
GAQ,16.248,-0.005,ML
GAU,26.107,91.585,IN
GAX,-2.785,10.047,GA
GAY,24.744,84.951,IN
GBB,40.809,47.725,AZ
GBE,-24.555,25.918,BW
GBI,17.308,76.965,IN
GBJ,15.869,-61.27,GP
GBZ,-36.241,175.472,NZ
GCC,44.349,-105.539,US
GCH,30.334,50.834,IR
GCI,49.435,-2.602,GG
GCK,37.928,-100.724,US
GCM,19.293,-81.358,KY
GCN,35.952,-112.147,US
GDB,21.527,80.29,IN
GDE,5.935,43.579,ET
GDL,20.523,-103.31,MX
GDN,54.378,18.466,PL
GDQ,12.52,37.434,ET
GDT,21.445,-71.142,TC
GDV,47.138,-104.807,US
GDX,59.911,150.72,RU
GDZ,44.582,38.012,RU
GEA,-22.258,166.473,NC
GEG,47.62,-117.534,US
GEL,-28.283,-54.17,BR
GEM,1.676,11.025,GQ
GEO,6.499,-58.254,GY
GER,21.835,-82.784,CU
GES,6.057,125.096,PH
GET,-28.796,114.707,AU
GEV,67.132,20.815,SE
GFF,-34.251,146.067,AU
GFK,47.949,-97.176,US
GGF,-1.48,-52.578,BR
GGG,32.384,-94.712,US
GGJ,-24.081,-54.192,BR
GGR,8.458,48.568,SO
GGS,-48.783,-70.15,AR
GGT,23.563,-75.878,BS
GGW,48.213,-106.615,US
GHA,32.384,3.794,DZ
GHB,25.285,-76.331,BS
GHV,45.706,25.523,RO
GIB,36.152,-5.35,GI
GIC,-9.233,142.218,AU
GID,-3.417,29.911,BI
GIG,-22.81,-43.251,BR
GIL,35.919,74.334,PK
GIS,-38.663,177.978,NZ
GIZ,16.901,42.586,SA
GJA,16.445,-85.907,HN
GJL,36.794,5.874,DZ
GJT,39.127,-108.529,US
GKA,-6.082,145.392,PG
GKK,0.732,73.434,MV
GKN,62.156,-145.455,US
GLA,55.872,-4.433,GB
GLF,8.654,-83.182,CR
GLH,33.483,-90.986,US
GLK,6.781,47.455,SO
GLT,-23.87,151.225,AU
GLV,64.55,-163.007,US
GMA,3.235,19.771,CD
GMB,8.129,34.563,ET
GME,52.527,31.017,BY
GMI,-6.271,150.331,PG
GMO,10.299,10.9,NG
GMP,37.558,126.791,KR
GMQ,34.418,100.301,CN
GMR,-23.08,-134.89,PF
GMZ,28.03,-17.215,ES
GNB,45.363,5.329,FR
GND,12.004,-61.785,GD
GNJ,40.739,46.32,AZ
GNS,1.166,97.705,ID
GNU,59.118,-161.575,US
GNV,29.69,-82.272,US
GNY,37.446,38.896,TR
GOA,44.412,8.841,IT
GOH,64.191,-51.679,GL
GOI,15.38,73.833,IN
GOJ,56.227,43.785,RU
GOM,-1.667,29.238,CD
GOP,26.74,83.45,IN
GOQ,36.401,94.786,CN
GOT,57.663,12.28,SE
GOU,9.335,13.372,CM
GOV,-12.269,136.818,AU
GOX,15.744,73.861,IN
GOY,64.334,100.433,RU
GPA,38.151,21.426,GR
GPI,2.57,-77.898,CO
GPS,-0.454,-90.266,EC
GPT,30.406,-89.07,US
GRB,44.483,-88.131,US
GRI,40.967,-98.31,US
GRJ,-34.006,22.379,ZA
GRK,31.067,-97.829,US
GRO,41.905,2.762,ES
GRQ,53.119,6.578,NL
GRR,42.881,-85.523,US
GRU,-23.431,-46.47,BR
GRV,43.388,45.7,RU
GRW,39.092,-28.03,PT
GRX,37.189,-3.777,ES
GRY,66.546,-18.017,IS
GRZ,46.991,15.44,AT
GSM,26.755,55.902,IR
GSO,36.099,-79.937,US
GSP,34.896,-82.219,US
GST,58.425,-135.707,US
GSV,51.713,46.171,RU
GTA,-8.738,158.203,SB
GTE,-13.972,136.459,AU
GTF,47.482,-111.371,US
GTO,0.637,122.85,ID
GTR,33.45,-88.591,US
GUA,14.583,-90.528,GT
GUB,28.026,-114.024,MX
GUC,38.535,-106.935,US
GUM,13.485,144.797,GU
GUP,35.512,-108.788,US
GUR,-10.311,150.334,PG
GUW,47.121,51.82,KZ
GUZ,-20.646,-40.492,BR
GVA,46.238,6.109,CH
GVR,-18.896,-41.983,BR
GWD,25.297,62.499,PK
GWL,26.293,78.228,IN
GWT,54.913,8.34,DE
GXF,15.966,48.788,YE
GXG,-7.755,15.288,AO
GXH,34.819,102.622,CN
GYA,-10.889,-65.381,BO
GYD,40.473,50.051,AZ
GYE,-2.157,-79.884,EC
GYM,27.969,-110.925,MX
GYN,-16.632,-49.221,BR
GYS,32.39,105.695,CN
GYU,36.079,106.217,CN
GYY,41.617,-87.413,US
GYZ,-28.035,123.815,AU
GZG,31.758,99.554,CN
GZO,-8.098,156.864,SB
GZP,36.299,32.297,TR
GZT,36.947,37.479,TR
HAA,70.487,22.14,NO
HAC,33.115,139.786,JP
HAD,56.691,12.82,SE
HAH,-11.534,43.272,KM
HAJ,52.461,9.685,DE
HAK,19.935,110.459,CN
HAL,-19.029,16.459,NA
HAM,53.63,9.988,DE
HAN,21.221,105.807,VN
HAQ,6.743,73.167,MV
HAS,27.438,41.686,SA
HAU,59.345,5.208,NO
HAV,22.989,-82.409,CU
HBA,-42.837,147.513,AU
HBE,30.932,29.696,EG
HBQ,38.008,100.645,CN
HBX,15.361,75.082,IN
HCJ,24.804,107.711,CN
HCR,62.188,-159.775,US
HCZ,25.753,112.845,CN
HDD,25.318,68.366,PK
HDF,53.879,14.152,DE
HDG,36.525,114.424,CN
HDK,6.631,73.068,MV
HDM,34.866,48.561,IR
HDN,40.481,-107.218,US
HDO,28.708,77.359,IN
HDS,-24.362,31.053,ZA
HDY,6.933,100.393,TH
HEA,34.21,62.228,AF
HEH,20.747,96.792,MM
HEI,54.153,8.902,DE
HEK,50.172,127.309,CN
HEL,60.318,24.963,FI
HER,35.34,25.18,GR
HET,40.85,111.825,CN
HFA,32.81,35.044,IL
HFE,31.988,116.977,CN
HFN,64.296,-15.227,IS
HFS,60.02,13.579,SE
HFT,70.68,23.669,NO
HGA,9.514,44.083,SO
HGD,-20.815,144.225,AU
HGH,30.236,120.429,CN
HGI,26.967,93.639,IN
HGL,54.185,7.916,DE
HGN,19.301,97.976,TH
HGO,9.387,-5.557,CI
HGR,39.709,-77.728,US
HGU,-5.828,144.299,PG
HHH,32.224,-80.698,US
HHN,49.946,7.262,DE
HHQ,12.636,99.951,TH
HHR,33.923,-118.335,US
HHZ,-17.548,-142.612,PF
HIA,33.793,119.127,CN
HIB,47.385,-92.837,US
HID,-10.586,142.293,AU
HII,34.571,-114.358,US
HIJ,34.436,132.919,JP
HIL,6.078,44.764,ET
HIN,35.089,128.072,KR
HIR,-9.428,160.055,SB
HJB,42.976,83.996,CN
HJJ,27.443,109.705,CN
HJR,24.817,79.919,IN
HKD,41.77,140.822,JP
HKG,22.312,113.915,HK
HKK,-42.714,170.985,NZ
HKN,-5.464,150.407,PG
HKT,8.113,98.317,TH
HLA,-25.939,27.927,ZA
HLD,49.209,119.822,CN
HLE,-15.959,-5.646,SH
HLH,46.195,122.008,CN
HLN,46.607,-111.983,US
HLP,-6.267,106.89,ID
HLZ,-37.867,175.332,NZ
HMA,61.029,69.086,RU
HMB,26.343,31.743,EG
HME,31.673,6.14,DZ
HMI,42.841,93.669,CN
HMO,29.093,-111.053,MX
HMS,-1.026,114.929,ID
HMV,65.806,15.083,SE
HNA,39.429,141.135,JP
HND,35.55,139.787,JP
HNH,58.096,-135.41,US
HNL,21.318,-157.926,US
HNM,20.796,-156.014,US
HNS,59.244,-135.524,US
HNY,26.722,112.618,CN
HOB,32.688,-103.217,US
HOF,25.285,49.485,SA
HOG,20.785,-76.316,CU
HOI,-18.075,-140.946,PF
HOK,-18.337,130.638,AU
HOM,59.644,-151.479,US
HOR,38.52,-28.716,PT
HOT,34.479,-93.096,US
HOU,29.645,-95.277,US
HOV,62.18,6.074,NO
HPA,-19.777,-174.341,TO
HPB,61.524,-166.147,US
HPG,31.626,110.34,CN
HPH,20.817,106.724,VN
HPN,41.067,-73.708,US
HQL,37.661,75.289,CN
HQQ,35.871,114.462,CN
HRB,45.623,126.25,CN
HRE,-17.932,31.093,ZW
HRF,6.97,72.896,MV
HRG,27.177,33.797,EG
HRI,6.284,81.124,LK
HRL,26.229,-97.654,US
HRO,36.262,-93.155,US
HSA,43.311,68.55,KZ
HSC,24.979,113.421,CN
HSG,33.15,130.302,JP
HSL,65.698,-156.351,US
HSN,29.934,122.362,CN
HSR,22.379,71.039,IN
HSS,29.186,75.741,IN
HSV,34.636,-86.774,US
HTA,52.025,113.306,RU
HTG,71.978,102.491,RU
HTI,-20.358,148.952,AU
HTN,37.039,79.865,CN
HTS,38.367,-82.558,US
HTT,38.202,90.838,CN
HTY,36.361,36.286,TR
HUE,13.83,36.882,ET
HUG,15.317,-91.506,GT
HUH,-16.687,-151.022,PF
HUI,16.401,107.704,VN
HUN,24.023,121.618,TW
HUO,45.487,119.407,CN
HUS,66.041,-154.263,US
HUU,-9.879,-76.205,PE
HUX,15.775,-96.26,MX
HUY,53.576,-0.35,GB
HUZ,23.05,114.6,CN
HVB,-25.32,152.881,AU
HVD,47.954,91.628,MN
HVG,71.01,25.984,NO
HVN,41.263,-72.888,US
HVR,48.541,-109.763,US
HWR,30.749,75.63,IN
HXD,37.125,97.269,CN
HYA,41.669,-70.28,US
HYD,17.231,78.43,IN
HYN,28.562,121.429,CN
HYS,38.845,-99.273,US
HZA,35.213,115.737,CN
HZG,33.134,107.204,CN
HZH,26.322,109.15,CN
IAA,67.437,86.622,RU
IAD,38.944,-77.456,US
IAG,43.107,-78.946,US
IAH,29.984,-95.341,US
IAM,28.052,9.643,DZ
IAN,66.976,-160.439,US
IAO,9.859,126.014,PH
IAR,57.561,40.157,RU
IAS,47.18,27.621,RO
IBA,7.362,3.978,NG
IBB,-0.943,-90.953,EC
IBE,4.422,-75.133,CO
IBR,36.181,140.414,JP
IBZ,38.873,1.373,ES
ICC,10.794,-63.982,VE
ICI,-17.743,-179.342,FJ
ICN,37.469,126.451,KR
ICT,37.65,-97.429,US
IDA,43.515,-112.071,US
IDR,22.721,75.801,IN
IEG,52.139,15.799,PL
IFJ,66.058,-23.135,IS
IFN,32.755,51.884,IR
IGA,20.975,-73.667,BS
IGD,39.977,43.877,TR
IGG,59.324,-155.902,US
IGR,-25.737,-54.473,AR
IGT,43.323,45.013,RU
IGU,-25.594,-54.489,BR
IIA,53.093,-9.568,IE
IJK,56.835,53.462,RU
IKA,35.416,51.152,IR
IKG,42.508,78.408,KG
IKI,33.749,129.785,JP
IKO,52.942,-168.849,US
IKS,71.698,128.903,RU
IKT,52.267,104.396,RU
IKU,42.586,76.701,KG
ILD,41.728,0.535,ES
ILF,56.052,-95.619,CA
ILG,39.679,-75.606,US
ILI,59.754,-154.911,US
ILM,34.272,-77.905,US
ILO,10.833,122.493,PH
ILP,-22.589,167.456,NC
ILQ,-17.695,-71.344,PE
ILR,8.44,4.494,NG
ILS,13.7,-89.12,SV
ILY,55.683,-6.258,GB
IMF,24.76,93.897,IN
IMK,29.971,81.819,NP
IMP,-5.531,-47.46,BR
IMT,45.819,-88.115,US
INB,16.535,-88.442,BZ
INC,38.323,106.393,CN
IND,39.717,-86.294,US
INH,-23.876,35.409,MZ
INI,43.337,21.856,RS
INL,48.566,-93.403,US
INN,47.26,11.344,AT
INO,-1.947,18.286,CD
INQ,53.065,-9.511,IE
INU,-0.548,166.92,NR
INV,57.542,-4.048,GB
INZ,27.251,2.512,DZ
IOA,39.696,20.823,GR
IOM,54.083,-4.624,IM
IOR,53.107,-9.654,IE
IOS,-14.816,-39.033,BR
IPC,-27.165,-109.421,CL
IPH,4.567,101.092,MY
IPI,0.862,-77.672,CO
IPL,32.835,-115.574,US
IPN,-19.471,-42.488,BR
IPT,41.242,-76.922,US
IQM,38.235,85.465,CN
IQN,35.803,107.599,CN
IQQ,-20.536,-70.181,CL
IQT,-3.785,-73.309,PE
IRA,-10.45,161.898,SB
IRC,65.828,-144.076,US
IRG,-12.787,143.305,AU
IRJ,-29.382,-66.796,AR
IRK,40.093,-92.545,US
IRP,2.828,27.588,CD
IRZ,-0.379,-64.993,BR
ISA,-20.666,139.488,AU
ISB,33.549,72.826,PK
ISC,49.913,-6.292,GB
ISE,37.855,30.368,TR
ISG,24.396,124.245,JP
ISK,20.119,73.913,IN
ISP,40.796,-73.102,US
IST,41.275,28.732,TR
ISU,35.56,45.315,IQ
ITB,-4.242,-56.001,BR
ITH,42.491,-76.458,US
ITM,34.781,135.441,JP
ITO,19.721,-155.045,US
ITU,45.256,147.955,RU
IUE,-19.08,-169.923,NU
IVC,-46.412,168.313,NZ
IVL,68.607,27.405,FI
IWA,56.939,40.941,RU
IWD,46.525,-90.132,US
IWJ,34.676,131.79,JP
IWK,34.146,132.247,JP
IXA,23.887,91.24,IN
IXB,26.681,88.329,IN
IXC,30.674,76.788,IN
IXD,25.44,81.734,IN
IXE,12.955,74.887,IN
IXG,15.859,74.618,IN
IXI,27.296,94.097,IN
IXJ,32.689,74.838,IN
IXK,21.317,70.27,IN
IXL,34.136,77.547,IN
IXM,9.835,78.093,IN
IXP,32.234,75.634,IN
IXR,23.314,85.322,IN
IXS,24.913,92.979,IN
IXU,19.863,75.396,IN
IXY,23.113,70.1,IN
IXZ,11.64,92.729,IN
IZA,-21.513,-43.173,BR
IZO,35.414,132.89,JP
IZT,16.446,-95.094,MX
JAC,43.607,-110.738,US
JAE,-5.592,-78.774,PE
JAF,9.792,80.07,LK
JAI,26.824,75.812,IN
JAN,32.311,-90.076,US
JAU,-11.783,-75.473,PE
JAV,69.243,-51.057,GL
JAX,30.492,-81.688,US
JBB,-8.242,113.693,ID
JBK,44.166,89.55,CN
JBQ,18.573,-69.986,DO
JBR,35.832,-90.646,US
JCK,-20.668,141.723,AU
JCL,48.948,14.428,CZ
JDF,-21.791,-43.386,BR
JDH,26.251,73.049,IN
JDO,-7.219,-39.269,BR
JDZ,29.339,117.176,CN
JED,21.68,39.157,SA
JEE,18.663,-74.17,HT
JEG,68.722,-52.785,GL
JEJ,7.565,168.962,MH
JER,49.208,-2.196,JE
JFK,40.639,-73.779,US
JFR,62.015,-49.671,GL
JGA,22.465,70.013,IN
JGB,19.074,82.037,IN
JGD,50.371,124.118,CN
JGN,39.859,98.339,CN
JGS,26.857,114.737,CN
JHB,1.641,103.67,MY
JHG,21.975,100.762,CN
JHM,20.963,-156.673,US
JHS,66.951,-53.729,GL
JIB,11.547,43.16,DJ
JIC,38.542,102.348,CN
JIJ,9.332,42.912,ET
JIK,37.683,26.347,GR
JIM,7.666,36.817,ET
JIO,-8.141,127.91,ID
JIQ,29.513,108.831,CN
JIU,29.477,115.801,CN
JJD,-2.906,-40.357,BR
JJG,-28.675,-49.06,BR
JJM,0.165,38.195,KE
JJN,24.796,118.589,CN
JJU,60.764,-46.065,GL
JKG,57.758,14.069,SE
JKH,38.343,26.141,GR
JKL,36.963,26.941,GR
JKR,26.709,85.922,NP
JLG,20.963,75.627,IN
JLN,37.152,-94.498,US
JLR,23.178,80.052,IN
JMJ,22.418,99.784,CN
JMK,37.435,25.348,GR
JMO,28.78,83.723,NP
JMS,46.93,-98.678,US
JMU,46.843,130.464,CN
JNB,-26.14,28.247,ZA
JNG,35.647,116.743,CN
JNH,30.698,120.663,CN
JNU,58.355,-134.574,US
JNX,37.081,25.368,GR
JNZ,40.936,121.277,CN
JOE,62.659,29.619,FI
JOG,-7.788,110.432,ID
JOI,-26.225,-48.797,BR
JOL,6.054,121.011,PH
JOS,9.64,8.869,NG
JPA,-7.149,-34.951,BR
JPE,-3.02,-47.316,BR
JPR,-10.871,-61.847,BR
JQA,70.734,-52.696,GL
JRG,21.913,84.05,IN
JRH,26.73,94.175,IN
JRO,-3.427,37.074,TZ
JSA,26.889,70.865,IN
JSH,35.216,26.101,GR
JSI,39.177,23.504,GR
JSJ,47.108,132.658,CN
JSK,25.655,57.802,IR
JSR,23.184,89.161,BD
JST,40.316,-78.834,US
JSU,65.412,-52.939,GL
JSY,37.423,24.951,GR
JTC,-22.161,-49.07,BR
JTR,36.4,25.479,GR
JTY,36.58,26.376,GR
JUB,4.872,31.601,SS
JUH,30.74,117.686,CN
JUI,53.681,7.056,DE
JUJ,-24.393,-65.098,AR
JUL,-15.468,-70.157,PE
JUM,29.274,82.193,NP
JUV,72.79,-56.131,GL
JUZ,28.966,118.899,CN
JXA,45.293,131.193,CN
JYV,62.4,25.678,FI
JZH,32.853,103.682,CN
KAA,-10.21,31.123,ZM
KAB,-16.52,28.885,ZW
KAC,37.021,41.191,SY
KAD,10.696,7.32,NG
KAI,5.177,-59.489,GY
KAJ,64.285,27.692,FI
KAL,64.319,-158.742,US
KAN,12.046,8.524,NG
KAO,65.988,29.239,FI
KAT,-35.07,173.287,NZ
KAW,10.049,98.538,MM
KAX,-27.693,114.259,AU
KBC,66.274,-145.824,US
KBL,34.566,69.212,AF
KBR,6.167,102.293,MY
KBU,-3.295,116.164,ID
KBV,8.096,98.989,TH
KCA,41.678,82.873,CN
KCG,56.312,-158.373,US
KCH,1.487,110.353,MY
KCM,37.539,36.954,TR
KCQ,56.255,-158.775,US
KCT,5.994,80.32,LK
KCY,56.178,92.546,RU
KCZ,33.545,133.67,JP
KDD,27.791,66.647,PK
KDH,31.506,65.848,AF
KDI,-4.082,122.418,ID
KDL,58.991,22.831,EE
KDM,0.488,72.997,MV
KDO,1.859,73.522,MV
KDU,35.339,75.539,PK
KDV,-19.058,178.157,FJ
KEB,59.352,-151.925,US
KEF,63.985,-22.606,IS
KEJ,55.27,86.107,RU
KEM,65.779,24.582,FI
KEP,28.104,81.667,NP
KER,30.271,56.95,IR
KET,21.302,99.636,MM
KEW,52.991,-92.836,CA
KFG,-17.432,130.808,AU
KFP,54.848,-163.407,US
KFS,41.314,33.796,TR
KGA,-5.9,22.469,CD
KGC,-35.714,137.521,AU
KGD,54.892,20.599,RU
KGE,-7.33,157.585,SB
KGF,49.671,73.334,KZ
KGI,-30.792,121.465,AU
KGK,59.727,-157.259,US
KGL,-1.969,30.14,RW
KGP,62.19,74.534,RU
KGS,36.795,27.091,GR
KGT,30.142,101.739,CN
KGX,62.895,-160.066,US
KHD,33.435,48.283,IR
KHG,39.542,76.02,CN
KHH,22.577,120.35,TW
KHI,24.907,67.161,PK
KHK,29.261,50.322,IR
KHM,25.988,95.674,MM
KHN,28.865,115.903,CN
KHS,26.171,56.241,OM
KHT,33.285,69.807,AF
KHV,48.528,135.189,RU
KHX,-0.717,29.7,UG
KHZ,-15.781,-145.128,PF
KIE,-6.306,155.728,PG
KIF,53.013,-89.855,CA
KIH,26.525,53.98,IR
KIJ,37.954,139.112,JP
KIK,35.47,44.349,IQ
KIM,-28.805,24.765,ZA
KIN,17.936,-76.787,JM
KIO,5.644,169.125,MH
KIR,52.181,-9.524,IE
KIS,-0.086,34.729,KE
KIT,36.274,23.017,GR
KIX,34.427,135.244,JP
KJA,56.176,92.486,RU
KJB,15.716,78.169,IN
KJH,26.972,107.988,CN
KJI,48.222,86.996,CN
KJT,-6.647,108.166,ID
KKA,64.939,-161.154,US
KKC,16.467,102.784,TH
KKE,-35.259,173.913,NZ
KKH,59.961,-162.881,US
KKI,60.914,-161.493,US
KKJ,33.846,131.035,JP
KKN,69.726,29.891,NO
KKR,-15.663,-146.885,PF
KKS,33.895,51.577,IR
KKW,-5.036,18.786,CD
KKX,28.321,129.928,JP
KLG,61.536,-160.341,US
KLH,16.665,74.289,IN
KLN,57.535,-153.976,US
KLO,11.679,122.376,PH
KLP,-3.376,112.537,ID
KLR,56.686,16.288,SE
KLU,46.643,14.338,AT
KLV,50.203,12.915,CZ
KLW,55.579,-133.076,US
KLX,37.068,22.025,GR
KMA,-7.964,145.771,PG
KMC,27.901,45.528,SA
KME,-2.462,28.908,RW
KMG,25.11,102.937,CN
KMI,31.877,131.449,JP
KMJ,32.837,130.855,JP
KMN,-8.729,24.991,CD
KMO,58.932,-158.902,US
KMQ,36.393,136.407,JP
KMS,6.715,-1.591,GH
KMW,57.797,41.019,RU
KND,-2.919,25.915,CD
KNG,-3.645,133.695,ID
KNH,24.428,118.359,TW
KNK,59.433,-154.802,US
KNO,3.638,98.871,ID
KNQ,-21.054,164.839,NC
KNS,-39.877,143.878,AU
KNU,26.404,80.41,IN
KNW,59.452,-157.374,US
KNX,-15.778,128.708,AU
KOA,19.739,-156.046,US
KOC,-20.546,164.256,NC
KOE,-10.172,123.671,ID
KOI,58.958,-2.905,GB
KOJ,31.803,130.719,JP
KOK,63.721,23.143,FI
KOP,17.384,104.643,TH
KOS,10.571,103.632,KH
KOT,63.031,-163.533,US
KOV,53.329,69.595,KZ
KOW,25.853,114.779,CN
KOZ,57.942,-152.464,US
KPN,59.932,-164.028,US
KPO,35.988,129.42,KR
KPV,55.907,-159.161,US
KPW,67.845,166.14,RU
KQA,54.145,-165.604,US
KQH,26.591,74.813,IN
KQR,-29.217,116.687,AU
KQT,37.866,68.864,TJ
KRB,-17.457,140.83,AU
KRC,-2.094,101.47,ID
KRE,-2.545,30.095,BI
KRF,63.049,17.769,SE
KRI,-7.424,144.25,PG
KRK,50.078,19.785,PL
KRL,41.615,86.141,CN
KRN,67.822,20.337,SE
KRO,55.475,65.416,RU
KRP,56.297,9.104,DK
KRR,45.034,39.174,RU
KRS,58.204,8.085,NO
KRT,15.589,32.553,SD
KRW,40.063,53.005,TM
KRY,45.467,84.953,CN
KSA,5.357,162.958,FM
KSC,48.663,21.241,SK
KSD,59.445,13.337,SE
KSF,51.418,9.392,DE
KSH,34.346,47.158,IR
KSJ,35.421,26.91,GR
KSL,15.387,36.329,SD
KSM,62.061,-163.302,US
KSN,53.207,63.55,KZ
KSO,40.446,21.282,GR
KSQ,38.802,65.773,UZ
KSR,-6.179,120.437,ID
KSU,63.112,7.825,NO
KSY,40.562,43.115,TR
KSZ,61.236,46.697,RU
KTA,-20.712,116.773,AU
KTD,25.945,131.327,JP
KTG,-1.817,109.963,ID
KTI,11.36,104.921,KH
KTM,27.697,85.359,NP
KTN,55.356,-131.714,US
KTP,17.989,-76.824,JM
KTS,65.332,-166.468,US
KTT,67.701,24.847,FI
KTW,50.476,19.081,PL
KUA,3.775,103.209,MY
KUD,6.924,116.837,MY
KUF,53.505,50.164,RU
KUG,-10.226,142.22,AU
KUH,43.041,144.193,JP
KUK,60.873,-162.525,US
KUL,2.746,101.71,MY
KUM,30.386,130.659,JP
KUN,54.964,24.086,LT
KUO,63.007,27.798,FI
KUS,65.574,-37.124,GL
KUT,42.177,42.485,GE
KUU,31.877,77.154,IN
KUV,35.904,126.616,KR
KVA,40.913,24.619,GR
KVC,55.116,-162.266,US
KVG,-2.579,150.808,PG
KVK,67.463,33.585,RU
KVL,67.735,-164.56,US
KVM,64.665,170.418,RU
KVO,43.818,20.587,RS
KVX,58.504,49.348,RU
KWA,8.72,167.732,MH
KWB,-5.801,110.478,ID
KWE,26.542,106.804,CN
KWI,29.224,47.97,KW
KWJ,35.123,126.805,KR
KWK,59.876,-163.169,US
KWL,25.22,110.04,CN
KWM,-15.485,141.753,AU
KWN,59.755,-161.845,US
KWT,60.79,-161.444,US
KWZ,-10.766,25.506,CD
KXB,-4.338,121.524,ID
KXF,-17.346,179.422,FJ
KXK,50.409,136.934,RU
KXO,-1.284,29.72,UG
KYA,37.979,32.562,TR
KYD,22.027,121.535,TW
KYK,57.566,-154.454,US
KYP,19.426,93.535,MM
KYS,14.483,-11.399,ML
KYU,64.876,-157.727,US
KYZ,51.669,94.401,RU
KZI,40.286,21.841,GR
KZN,55.606,49.279,RU
KZO,44.707,65.592,KZ
KZR,39.111,30.13,TR
KZS,36.142,29.576,GR
LAD,-8.858,13.231,AO
LAE,-6.568,146.727,PG
LAF,40.413,-86.939,US
LAJ,-27.782,-50.282,BR
LAK,68.223,-135.006,CA
LAL,27.989,-82.021,US
LAN,42.778,-84.586,US
LAO,18.175,120.531,PH
LAP,24.072,-110.363,MX
LAQ,32.789,21.955,LY
LAR,41.312,-105.675,US
LAS,36.083,-115.152,US
LAU,-2.252,40.913,KE
LAW,34.568,-98.417,US
LAX,33.943,-118.408,US
LBA,53.866,-1.661,GB
LBB,33.664,-101.823,US
LBC,53.805,10.719,DE
LBD,40.215,69.695,TJ
LBE,40.276,-79.405,US
LBF,41.126,-100.684,US
LBJ,-8.481,119.888,ID
LBL,37.044,-100.96,US
LBP,3.202,115.402,MY
LBR,-7.279,-64.77,BR
LBS,-16.467,179.34,FJ
LBU,5.302,115.248,MY
LBV,0.459,9.412,GA
LBW,3.9,115.69,ID
LCA,34.875,33.625,CY
LCE,15.742,-86.853,HN
LCG,43.302,-8.377,ES
LCH,30.126,-93.223,US
LCJ,51.722,19.398,PL
LCK,39.814,-82.928,US
LCR,-1.456,-72.801,CO
LCX,25.676,116.746,CN
LCY,51.505,0.055,GB
LDB,-23.334,-51.128,BR
LDE,43.179,-0.006,FR
LDG,64.896,45.723,RU
LDH,-31.538,159.075,AU
LDS,47.752,129.019,CN
LDU,5.032,118.324,MY
LDX,5.482,-54.035,GF
LDY,55.043,-7.161,GB
LEA,-22.235,114.09,AU
LEB,43.626,-72.304,US
LEC,-12.482,-41.277,BR
LED,59.8,30.263,RU
LEI,36.844,-2.37,ES
LEJ,51.421,12.233,DE
LEL,-12.499,135.806,AU
LEN,42.591,-5.653,ES
LEQ,50.103,-5.671,GB
LER,-27.843,120.703,AU
LET,-4.191,-69.942,CO
LEU,42.339,1.409,ES
LEV,-17.711,178.759,FJ
LEX,38.035,-84.607,US
LFM,27.373,53.189,IR
LFQ,36.133,111.641,CN
LFT,30.205,-91.988,US
LFW,6.166,1.255,TG
LGA,40.777,-73.873,US
LGB,33.817,-118.15,US
LGG,50.639,5.444,BE
LGI,23.179,-75.094,BS
LGK,6.33,99.729,MY
LGL,3.421,115.154,MY
LGW,51.149,-0.186,GB
LGZ,28.422,92.348,CN
LHE,31.522,74.404,PK
LHG,-29.453,147.977,AU
LHL,39.884,46.363,AZ
LHR,51.471,-0.46,GB
LHS,-46.539,-68.965,AR
LHW,36.515,103.62,CN
LIF,-20.775,167.239,NC
LIG,45.863,1.179,FR
LIH,21.974,-159.337,US
LIK,9.823,169.308,MH
LIL,50.567,3.102,FR
LIM,-12.022,-77.114,PE
LIN,45.445,9.277,IT
LIO,9.958,-83.022,CR
LIR,10.593,-85.544,CR
LIS,38.781,-9.136,PT
LIT,34.729,-92.224,US
LIW,19.691,97.215,MM
LJG,26.677,100.245,CN
LJU,46.224,14.458,SI
LKA,-8.274,123.002,ID
LKB,-18.199,-178.817,FJ
LKI,2.411,96.328,ID
LKL,70.069,24.973,NO
LKM,0.889,124.034,ID
LKN,68.152,13.609,NO
LKO,26.761,80.889,IN
LLA,65.544,22.122,SE
LLB,25.453,107.962,CN
LLF,26.339,111.61,CN
LLK,38.758,48.807,AZ
LLO,-3.082,120.245,ID
LLV,37.683,111.143,CN
LLW,-13.789,33.781,MW
LMA,63.886,-152.302,US
LMC,2.176,-73.787,CO
LMM,25.686,-109.081,MX
LMN,4.808,115.01,MY
LMP,35.498,12.618,IT
LMY,-7.01,141.494,PG
LNB,-16.584,168.159,VU
LNE,-15.866,168.172,VU
LNJ,23.738,100.025,CN
LNK,40.845,-96.762,US
LNL,33.79,105.79,CN
LNO,-28.878,121.315,AU
LNS,40.122,-76.296,US
LNU,3.575,116.62,ID
LNV,-3.044,152.629,PG
LNY,20.786,-156.951,US
LNZ,48.235,14.188,AT
LOD,-15.307,167.967,VU
LOE,17.439,101.722,TH
LOH,-3.996,-79.372,EC
LOO,33.764,2.928,DZ
LOP,-8.76,116.278,ID
LOS,6.577,3.321,NG
LPA,27.932,-15.387,ES
LPB,-16.51,-68.189,BO
LPD,-1.325,-69.581,CO
LPF,26.609,104.979,CN
LPI,58.405,15.684,SE
LPL,53.335,-2.85,GB
LPM,-16.461,167.829,VU
LPP,61.045,28.145,FI
LPQ,19.904,102.167,LA
LPS,48.484,-122.938,US
LPT,18.271,99.504,TH
LPU,1.707,114.97,ID
LPY,45.081,3.763,FR
LQM,-0.182,-74.771,CO
LRD,27.544,-99.462,US
LRE,-23.432,144.277,AU
LRH,46.179,-1.195,FR
LRM,18.452,-68.911,DO
LRR,27.675,54.383,IR
LRS,37.185,26.8,GR
LRU,32.289,-106.922,US
LRV,11.947,-66.668,VE
LSA,-8.506,151.081,PG
LSC,-29.916,-71.2,CL
LSE,43.879,-91.257,US
LSG,29.439,103.749,CN
LSH,22.978,97.752,MM
LSI,59.879,-1.296,GB
LSP,11.781,-70.151,VE
LSR,3.391,97.864,ID
LST,-41.545,147.211,AU
LSW,5.227,96.95,ID
LSY,-28.831,153.258,AU
LTD,30.145,9.702,LY
LTI,46.376,96.221,MN
LTK,35.401,35.949,SY
LTM,3.373,-59.789,GY
LTN,51.875,-0.368,GB
LTO,25.99,-111.348,MX
LTT,43.205,6.482,FR
LTU,18.412,76.465,IN
LTX,-0.907,-78.616,EC
LUA,27.687,86.729,NP
LUD,-26.687,15.243,NA
LUG,46.004,8.911,CH
LUK,39.102,-84.419,US
LUM,24.401,98.532,CN
LUN,-15.331,28.453,ZM
LUP,21.211,-156.974,US
LUQ,-33.273,-66.356,AR
LUR,68.875,-166.11,US
LUV,-5.76,132.759,ID
LUX,49.627,6.212,LU
LUZ,51.24,22.713,PL
LVI,-17.822,25.82,ZM
LVO,-28.614,122.429,AU
LWB,37.858,-80.4,US
LWK,60.192,-1.244,GB
LWN,40.75,43.859,AM
LWS,46.375,-117.015,US
LWY,4.849,115.408,MY
LXA,29.298,90.912,CN
LXG,20.967,101.4,LA
LXR,25.671,32.706,EG
LXS,39.917,25.236,GR
LYA,34.741,112.388,CN
LYC,64.548,18.716,SE
LYG,34.414,119.179,CN
LYH,37.327,-79.2,US
LYI,35.053,118.412,CN
LYP,31.365,72.995,PK
LYR,78.246,15.466,NO
LYS,45.726,5.09,FR
LZG,31.502,106.034,CN
LZH,24.207,109.391,CN
LZN,26.16,119.958,TW
LZO,29.03,105.468,CN
LZY,29.303,94.335,CN
MAA,12.99,80.169,IN
MAB,-5.369,-49.138,BR
MAD,40.493,-3.572,ES
MAF,31.942,-102.202,US
MAG,-5.207,145.789,PG
MAH,39.863,4.219,ES
MAJ,7.065,171.272,MH
MAK,9.559,31.652,SS
MAM,25.77,-97.525,MX
MAN,53.349,-2.28,GB
MAO,-3.039,-60.05,BR
MAQ,16.7,98.545,TH
MAR,10.558,-71.729,VE
MAS,-2.062,147.424,PG
MAU,-16.427,-152.244,PF
MAZ,18.256,-67.148,PR
MBA,-4.035,39.594,KE
MBD,-25.798,25.548,ZA
MBE,44.304,143.404,JP
MBI,-8.92,33.274,TZ
MBJ,18.503,-77.913,JM
MBL,44.273,-86.246,US
MBS,43.533,-84.083,US
MBT,12.37,123.63,PH
MBW,-37.978,145.1,AU
MBX,46.48,15.686,SI
MCE,37.285,-120.514,US
MCG,62.953,-155.606,US
MCI,39.302,-94.714,US
MCK,40.208,-100.593,US
MCN,32.693,-83.649,US
MCO,28.429,-81.309,US
MCP,0.051,-51.072,BR
MCT,23.6,58.285,OM
MCV,-16.442,136.084,AU
MCW,43.16,-93.33,US
MCX,42.817,47.652,RU
MCY,-26.593,153.083,AU
MCZ,-9.513,-35.792,BR
MDC,1.549,124.926,ID
MDE,6.165,-75.423,CO
MDG,44.525,129.569,CN
MDI,7.704,8.614,NG
MDK,0.023,18.289,CD
MDL,21.702,95.978,MM
MDQ,-37.934,-57.573,AR
MDT,40.193,-76.762,US
MDU,-6.148,143.657,PG
MDW,41.786,-87.752,US
MDZ,-32.832,-68.793,AR
MEB,-37.728,144.902,AU
MEC,-0.946,-80.679,EC
MED,24.553,39.705,SA
MEE,-21.482,168.038,NC
MEG,-9.525,16.312,AO
MEH,71.03,27.827,NO
MEI,32.333,-88.752,US
MEL,-37.671,144.838,AU
MEM,35.044,-89.976,US
MEQ,4.041,96.253,ID
MEX,19.436,-99.07,MX
MFA,-7.917,39.669,TZ
MFE,26.176,-98.238,US
MFG,34.339,73.509,PK
MFJ,-18.567,179.951,FJ
MFK,26.224,120.003,TW
MFM,22.15,113.592,MO
MFR,42.374,-122.873,US
MFU,-13.259,31.937,ZM
MGA,12.142,-86.168,NI
MGB,-37.744,140.781,AU
MGC,41.703,-86.821,US
MGF,-23.476,-52.016,BR
MGH,-30.857,30.343,ZA
MGM,32.301,-86.394,US
MGQ,2.014,45.305,SO
MGT,-12.094,134.894,AU
MGW,39.643,-79.918,US
MGZ,12.44,98.621,MM
MHC,-42.34,-73.716,CL
MHD,36.235,59.643,IR
MHG,49.473,8.514,DE
MHH,26.511,-77.084,BS
MHK,39.141,-96.671,US
MHM,-8.325,160.801,SB
MHQ,60.122,19.898,FI
MHT,42.933,-71.436,US
MHU,-37.048,147.334,AU
MHX,-10.381,-160.999,CK
MIA,25.796,-80.29,US
MID,20.93,-89.645,MX
MIG,31.428,104.741,CN
MII,-22.197,-49.926,BR
MIJ,6.085,171.731,MH
MIM,-36.909,149.901,AU
MIR,35.758,10.755,TN
MIS,-10.689,152.838,PG
MIU,11.854,13.081,NG
MJE,8.163,168.174,MH
MJF,65.784,13.215,NO
MJI,32.892,13.288,LY
MJK,-25.897,113.576,AU
MJM,-6.121,23.569,CD
MJN,-15.667,46.351,MG
MJT,39.057,26.599,GR
MJY,58.181,94.745,RU
MJZ,62.535,114.039,RU
MKE,42.947,-87.897,US
MKG,43.169,-86.238,US
MKK,21.153,-157.096,US
MKL,35.6,-88.916,US
MKM,2.882,112.043,MY
MKP,-16.584,-143.658,PF
MKQ,-8.524,140.42,ID
MKR,-26.612,118.548,AU
MKU,0.579,12.891,GA
MKW,-0.892,134.049,ID
MKY,-21.171,149.183,AU
MKZ,2.266,102.253,MY
MLA,35.846,14.492,MT
MLB,28.102,-80.641,US
MLE,4.192,73.529,MV
MLG,-7.929,112.714,ID
MLI,41.449,-90.507,US
MLL,61.864,-162.026,US
MLM,19.85,-101.025,MX
MLN,35.28,-2.956,ES
MLO,36.697,24.477,GR
MLU,32.511,-92.038,US
MLW,6.289,-10.759,LR
MLX,38.435,38.091,TR
MLY,64.992,-150.644,US
MMB,43.881,144.164,JP
MMD,25.846,131.263,JP
MME,54.509,-1.429,GB
MMG,-28.116,117.842,AU
MMH,37.625,-118.843,US
MMJ,36.167,137.923,JP
MMK,68.782,32.751,RU
MMO,15.156,-23.214,CV
MMX,55.536,13.376,SE
MMY,24.783,125.295,JP
MNC,-14.488,40.712,MZ
MNF,-17.673,177.099,FJ
MNG,-12.056,134.234,AU
MNI,16.792,-62.193,MS
MNJ,-21.202,48.358,MG
MNL,14.509,121.02,PH
MNT,65.148,-149.369,US
MNU,16.445,97.661,MM
MNX,-5.811,-61.278,BR
MNY,-7.417,155.565,SB
MOB,30.691,-88.243,US
MOC,-16.707,-43.819,BR
MOF,-8.64,122.238,ID
MOG,20.517,99.257,MM
MOH,-2.201,121.663,ID
MOI,-19.843,-157.703,CK
MOJ,5.608,-54.4,SR
MOL,62.745,7.263,NO
MOQ,-20.285,44.318,MG
MOT,48.258,-101.279,US
MOU,62.095,-163.682,US
MOV,-22.058,148.077,AU
MOZ,-17.49,-149.762,PF
MPA,-17.634,24.177,NA
MPC,-2.541,101.088,ID
MPH,11.925,121.954,PH
MPL,43.576,3.963,FR
MPM,-25.921,32.573,MZ
MPN,-51.823,-58.446,FK
MPY,3.656,-54.039,GF
MQC,47.096,-56.38,PM
MQF,53.392,58.755,RU
MQJ,66.451,143.262,RU
MQL,-34.229,142.086,AU
MQM,37.223,40.632,TR
MQN,66.364,14.301,NO
MQP,-25.383,31.105,ZA
MQS,12.888,-61.18,VC
MQT,46.351,-87.396,US
MQX,13.467,39.534,ET
MRA,32.325,15.061,LY
MRE,-1.405,35.008,KE
MRI,61.213,-149.844,US
MRS,43.438,5.213,FR
MRU,-20.43,57.684,MU
MRV,44.225,43.082,RU
MRX,30.556,49.152,IR
MRY,36.587,-121.844,US
MRZ,-29.499,149.845,AU
MSA,53.441,-91.763,CA
MSJ,40.703,141.368,JP
MSL,34.745,-87.613,US
MSN,43.14,-89.338,US
MSO,46.916,-114.091,US
MSP,44.88,-93.222,US
MSQ,53.888,28.04,BY
MSR,38.748,41.661,TR
MSS,44.936,-74.844,US
MST,50.911,5.769,NL
MSU,-29.456,27.554,LS
MSY,29.993,-90.265,US
MSZ,-15.261,12.147,AO
MTF,6.957,35.555,ET
MTJ,38.51,-107.894,US
MTP,41.077,-71.921,US
MTR,8.824,-75.826,CO
MTT,18.103,-94.581,MX
MTY,25.779,-100.107,MX
MUA,-8.328,157.263,SB
MUB,-19.97,23.431,BW
MUC,48.354,11.786,DE
MUE,20.001,-155.668,US
MUH,31.324,27.222,EG
MUK,-20.136,-157.345,CK
MUN,9.749,-63.153,VE
MUR,4.179,114.33,MY
MUX,30.203,71.419,PK
MUZ,-1.503,33.802,TZ
MVB,-1.656,13.438,GA
MVD,-34.836,-56.026,UY
MVF,-5.202,-37.364,BR
MVP,1.254,-70.234,CO
MVQ,53.955,30.095,BY
MVR,10.451,14.257,CM
MVT,-14.868,-148.717,PF
MVY,41.393,-70.614,US
MWA,37.751,-89.017,US
MWL,32.782,-98.06,US
MWQ,20.166,94.941,MM
MWX,34.991,126.383,KR
MWZ,-2.447,32.936,TZ
MXH,-6.363,143.238,PG
MXL,32.631,-115.243,MX
MXP,45.631,8.728,IT
MXV,49.664,100.1,MN
MXW,45.738,106.269,MN
MXX,60.958,14.511,SE
MXZ,24.263,116.098,CN
MYA,-35.898,150.144,AU
MYD,-3.229,40.102,KE
MYE,34.074,139.56,JP
MYG,22.379,-73.013,BS
MYI,-9.915,144.055,AU
MYJ,33.827,132.7,JP
MYK,61.336,-142.687,US
MYL,44.889,-116.101,US
MYP,37.624,61.896,TM
MYQ,12.23,76.654,IN
MYR,33.68,-78.928,US
MYT,25.384,97.352,MM
MYU,60.372,-166.27,US
MYW,-10.336,40.182,TZ
MYY,4.322,113.987,MY
MZG,23.569,119.628,TW
MZH,40.829,35.522,TR
MZI,14.513,-4.08,ML
MZL,5.03,-75.465,CO
MZO,20.289,-77.088,CU
MZQ,-27.626,32.044,ZA
MZR,36.704,67.21,AF
MZS,28.817,78.922,IN
MZT,23.163,-106.265,MX
MZV,4.048,114.805,MY
MZW,33.536,-0.242,DZ
NAA,-30.319,149.827,AU
NAG,21.092,79.047,IN
NAH,3.685,125.527,ID
NAJ,39.189,45.458,AZ
NAL,43.513,43.637,RU
NAM,-3.143,126.976,ID
NAN,-17.762,177.438,FJ
NAO,30.798,106.164,CN
NAP,40.886,14.291,IT
NAQ,77.489,-69.389,GL
NAS,25.039,-77.466,BS
NAT,-5.77,-35.367,BR
NAU,-14.177,-141.266,PF
NAV,38.772,34.535,TR
NAW,6.52,101.743,TH
NBC,55.565,52.092,RU
NBE,36.076,10.439,TN
NBJ,-9.051,13.499,AO
NBN,-1.409,5.624,GQ
NBO,-1.319,36.928,KE
NBS,42.067,127.602,CN
NCA,21.916,-71.943,TC
NCE,43.658,7.216,FR
NCL,55.038,-1.69,GB
NCN,60.078,-147.995,US
NCU,42.488,59.623,UZ
NCY,45.929,6.099,FR
NDB,20.932,-17.03,MR
NDC,19.183,77.317,IN
NDG,47.23,123.914,CN
NDJ,12.134,15.034,TD
NDR,34.989,-3.028,MA
NDU,-17.956,19.719,NA
NDY,59.25,-2.577,GB
NEC,-38.491,-58.816,AR
NER,56.914,124.914,RU
NEV,17.206,-62.59,KN
NGB,29.827,121.462,CN
NGE,7.357,13.559,CM
NGI,-18.116,179.34,FJ
NGK,51.784,143.142,RU
NGO,34.858,136.805,JP
NGQ,32.098,80.054,CN
NGS,32.917,129.914,JP
NHV,-8.796,-140.229,PF
NIB,63.018,-154.36,US
NIM,13.482,2.184,NE
NIU,-16.119,-146.369,PF
NJC,60.949,76.484,RU
NJF,31.991,44.405,IQ
NKC,18.31,-15.97,MR
NKG,31.735,118.866,CN
NKM,35.256,136.924,JP
NKT,37.365,42.058,TR
NLA,-12.965,28.516,ZM
NLD,27.444,-99.571,MX
NLF,-9.579,143.78,AU
NLG,56.008,-161.16,US
NLH,27.54,100.759,CN
NLI,53.155,140.65,RU
NLK,-29.042,167.939,NF
NLT,43.432,83.379,CN
NLU,19.744,-99.015,MX
NMA,40.985,71.558,UZ
NME,60.469,-164.704,US
NMF,5.817,73.468,MV
NMI,18.985,73.065,IN
NNB,-10.848,162.454,SB
NNG,22.598,108.182,CN
NNM,67.64,53.122,RU
NNR,53.23,-9.468,IE
NNT,18.808,100.783,TH
NNY,32.983,112.617,CN
NOB,9.976,-85.653,CR
NOC,53.91,-8.817,IE
NOD,53.633,7.19,DE
NOJ,63.183,75.27,RU
NOP,42.018,35.072,TR
NOS,-13.312,48.315,MG
NOU,-22.015,166.213,NC
NOV,-12.809,15.761,AO
NOZ,53.811,86.877,RU
NPE,-39.466,176.87,NZ
NPL,-39.009,174.179,NZ
NPO,-0.349,111.746,ID
NPT,41.532,-71.281,US
NQN,-38.949,-68.156,AR
NQU,5.71,-77.262,CO
NQY,50.441,-4.995,GB
NQZ,51.027,71.467,KZ
NRA,-34.702,146.512,AU
NRD,53.707,7.23,DE
NRK,58.586,16.251,SE
NRL,59.368,-2.434,GB
NRN,51.601,6.141,DE
NRR,18.247,-65.64,PR
NRT,35.769,140.389,JP
NSH,36.664,51.463,IR
NSI,3.723,11.553,CM
NSK,69.308,87.326,RU
NSN,-41.297,173.224,NZ
NST,8.54,99.945,TH
NTE,47.153,-1.611,FR
NTG,32.074,120.98,CN
NTL,-32.796,151.835,AU
NTN,-17.684,141.07,AU
NTQ,37.293,136.962,JP
NTT,-15.977,-173.791,TO
NTX,3.909,108.388,ID
NUE,49.499,11.078,DE
NUI,70.21,-151.006,US
NUL,64.729,-158.074,US
NUM,27.924,35.294,SA
NUP,60.906,-162.44,US
NUS,-16.08,167.401,VU
NUX,66.069,76.52,RU
NVA,2.95,-75.294,CO
NVI,40.118,65.173,UZ
NVT,-26.879,-48.651,BR
NWI,52.676,1.283,GB
NYA,62.11,65.615,RU
NYI,7.362,-2.329,GH
NYK,-0.062,37.041,KE
NYM,65.481,72.699,RU
NYO,58.79,16.911,SE
NYT,19.624,96.201,MM
NYU,21.179,94.93,MM
NZC,-14.854,-74.962,PE
NZG,55.801,109.595,RU
NZH,49.567,117.33,CN
NZL,47.866,122.769,CN
OAJ,34.829,-77.612,US
OAK,37.72,-122.221,US
OAL,-11.496,-61.451,BR
OAX,16.999,-96.726,MX
OBN,56.464,-5.4,GB
OBO,42.733,143.217,JP
OBU,66.912,-156.897,US
OBX,-7.591,141.324,PG
OCC,-0.463,-76.987,EC
OCE,38.31,-75.124,US
OCJ,18.404,-76.97,JM
OCS,0.911,9.33,GQ
ODB,37.842,-4.849,ES
ODE,55.475,10.327,DK
ODN,3.976,115.067,MY
ODO,57.866,114.243,RU
ODY,20.683,101.994,LA
OEC,-9.198,124.338,TL
OER,63.408,18.99,SE
OES,-40.751,-65.034,AR
OFU,-14.184,-169.67,AS
OGD,41.196,-112.012,US
OGG,20.896,-156.432,US
OGL,6.806,-58.108,GY
OGN,24.467,122.98,JP
OGS,44.682,-75.466,US
OGU,40.967,38.086,TR
OGX,31.917,5.413,DZ
OGZ,43.205,44.607,RU
OHD,41.18,20.742,MK
OHE,52.917,122.423,CN
OHO,59.41,143.057,RU
OHS,24.386,56.625,OM
OIM,34.782,139.36,JP
OIR,42.072,139.433,JP
OIT,33.479,131.737,JP
OJU,-0.865,121.629,ID
OKA,26.192,127.64,JP
OKC,35.393,-97.598,US
OKD,43.117,141.381,JP
OKE,27.432,128.706,JP
OKI,36.178,133.324,JP
OKJ,34.757,133.855,JP
OKL,-4.907,140.628,ID
OKR,-9.753,143.406,AU
OKY,-27.409,151.737,AU
OLA,63.699,9.604,NO
OLB,40.899,9.518,IT
OLF,48.095,-105.575,US
OLH,57.218,-153.27,US
OLJ,-14.882,166.558,VU
OLM,46.969,-122.903,US
OLP,-30.484,136.877,AU
OLZ,60.402,120.476,RU
OMA,41.303,-95.894,US
OMD,-28.585,16.446,NA
OME,64.512,-165.445,US
OMH,37.668,45.069,IR
OMN,40.014,68.411,UZ
OMO,43.282,17.846,BA
OMR,47.025,21.902,RO
OMS,54.963,73.312,RU
OND,-17.878,15.953,NA
ONG,-16.663,139.178,AU
ONJ,40.192,140.371,JP
ONQ,41.506,32.089,TR
ONT,34.056,-117.601,US
ONX,9.357,-79.867,PA
OOK,60.541,-165.087,US
OOL,-28.166,153.507,AU
OOM,-36.3,148.972,AU
OPF,25.907,-80.278,US
OPO,41.248,-8.681,PT
OPP,-0.696,-47.336,BR
OPS,-11.885,-55.586,BR
OPU,-8.05,142.933,PG
ORB,59.224,15.038,SE
ORD,41.979,-87.905,US
ORF,36.895,-76.201,US
ORG,5.811,-55.192,SR
ORH,42.267,-71.876,US
ORI,57.885,-152.848,US
ORK,51.841,-8.491,IE
ORN,35.621,-0.622,DZ
ORT,62.961,-141.929,US
ORU,-17.956,-67.076,BO
ORV,66.818,-161.019,US
ORY,48.729,2.359,FR
ORZ,18.047,-88.584,BZ
OSD,63.194,14.504,SE
OSI,45.462,18.811,HR
OSL,60.194,11.1,NO
OSR,49.696,18.111,CZ
OSS,40.609,72.793,KG
OST,51.2,2.875,BE
OSW,51.072,58.596,RU
OSY,64.472,11.579,NO
OTD,8.629,-79.035,PA
OTH,43.417,-124.246,US
OTP,44.572,26.103,RO
OTS,48.499,-122.663,US
OTZ,66.885,-162.599,US
OUA,12.353,-1.512,BF
OUD,34.79,-1.926,MA
OUI,48.463,-5.064,FR
OUL,64.93,25.355,FI
OUZ,22.757,-12.482,MR
OVB,55.02,82.619,RU
OVD,43.564,-6.035,ES
OVS,61.327,63.602,RU
OWB,37.74,-87.167,US
OXB,11.894,-15.654,GW
OYE,1.543,11.581,GA
OZC,8.179,123.842,PH
OZG,30.266,-5.861,MA
OZZ,30.939,-6.909,MA
PAB,21.988,82.111,IN
PAC,8.973,-79.556,PA
PAD,51.613,8.617,DE
PAE,47.906,-122.282,US
PAG,7.826,123.46,PH
PAH,37.061,-88.774,US
PAP,18.58,-72.293,HT
PAS,37.02,25.113,GR
PAT,25.591,85.088,IN
PAV,-9.401,-38.251,BR
PAZ,20.603,-97.461,MX
PBC,19.158,-98.372,MX
PBD,21.65,69.656,IN
PBG,44.651,-73.468,US
PBH,27.403,89.425,BT
PBJ,-16.432,168.236,VU
PBM,5.453,-55.188,SR
PBO,-23.171,117.745,AU
PBR,15.731,-88.584,GT
PBU,27.33,97.426,MM
PCL,-8.378,-74.574,PE
PCN,-41.346,173.956,NZ
PCP,1.661,7.411,ST
PCR,6.185,-67.493,CO
PDA,3.854,-67.906,CO
PDB,59.797,-154.13,US
PDG,-0.786,100.28,ID
PDK,33.876,-84.302,US
PDL,37.741,-25.698,PT
PDM,7.535,-80.043,PA
PDO,-3.286,103.88,ID
PDP,-34.855,-55.094,UY
PDS,28.628,-100.535,MX
PDT,45.695,-118.841,US
PDV,42.068,24.851,BG
PDX,45.589,-122.598,US
PED,50.015,15.74,CZ
PEE,57.915,56.021,RU
PEG,43.096,12.513,IT
PEI,4.813,-75.74,CO
PEK,40.077,116.597,CN
PEM,-12.614,-69.229,PE
PEN,5.296,100.276,MY
PER,-31.94,115.967,AU
PES,61.885,34.155,RU
PET,-31.717,-52.328,BR
PEU,15.262,-83.781,HN
PEV,45.989,18.242,HU
PEW,33.994,71.515,PK
PEX,65.121,57.131,RU
PEZ,53.111,45.021,RU
PFB,-28.244,-52.328,BR
PFO,34.718,32.486,CY
PFQ,39.604,47.882,IR
PFR,-4.33,20.59,CD
PGA,36.924,-111.448,US
PGD,26.92,-81.991,US
PGF,42.74,2.871,FR
PGH,29.033,79.474,IN
PGK,-2.162,106.139,ID
PGM,59.348,-151.83,US
PGU,27.38,52.738,IR
PGV,35.636,-77.384,US
PGZ,-25.184,-50.144,BR
PHB,-2.894,-41.732,BR
PHC,5.015,6.95,NG
PHE,-20.383,118.63,AU
PHF,37.132,-76.493,US
PHG,4.846,7.021,NG
PHH,28.184,84.015,NP
PHL,39.872,-75.241,US
PHO,68.349,-166.799,US
PHS,16.783,100.279,TH
PHW,-23.937,31.155,ZA
PHX,33.435,-112.006,US
PHY,16.676,101.195,TH
PIA,40.664,-89.693,US
PIB,31.467,-89.337,US
PIE,27.91,-82.687,US
PIH,42.91,-112.596,US
PIK,55.501,-4.577,GB
PIP,57.58,-157.572,US
PIR,44.383,-100.286,US
PIS,46.588,0.307,FR
PIT,40.492,-80.233,US
PIU,-5.206,-80.616,PE
PIX,38.554,-28.441,PT
PIZ,69.733,-163.005,US
PJA,67.245,23.075,SE
PJM,8.533,-83.3,CR
PKA,60.703,-161.778,US
PKB,39.345,-81.439,US
PKC,53.169,158.451,RU
PKE,-33.131,148.239,AU
PKG,4.245,100.553,MY
PKN,-2.705,111.673,ID
PKP,-14.81,-138.813,PF
PKR,28.201,83.981,NP
PKU,0.459,101.444,ID
PKV,57.781,28.394,RU
PKX,39.501,116.414,CN
PKY,-2.227,113.943,ID
PKZ,15.134,105.78,LA
PLJ,16.537,-88.362,BZ
PLM,-2.898,104.698,ID
PLN,45.571,-84.797,US
PLO,-34.605,135.88,AU
PLQ,55.973,21.094,LT
PLS,21.774,-72.268,TC
PLW,-0.916,119.909,ID
PLX,50.351,80.234,KZ
PLZ,-33.99,25.617,ZA
PMC,-41.443,-73.094,CL
PMF,44.826,10.297,IT
PMG,-22.55,-55.703,BR
PMI,39.552,2.739,ES
PMK,-18.755,146.581,AU
PMO,38.176,13.091,IT
PMQ,-46.538,-70.979,AR
PMR,-40.321,175.617,NZ
PMV,10.913,-63.967,VE
PMW,-10.291,-48.357,BR
PMY,-42.759,-65.103,AR
PNA,42.77,-1.646,ES
PND,16.102,-88.808,BZ
PNI,6.985,158.21,FM
PNK,-0.152,109.404,ID
PNL,36.817,11.969,IT
PNP,-8.805,148.309,PG
PNQ,18.582,73.92,IN
PNR,-4.816,11.887,CG
PNS,30.473,-87.187,US
PNT,-51.671,-72.529,CL
PNY,11.968,79.812,IN
PNZ,-9.362,-40.569,BR
POA,-29.994,-51.167,BR
POG,-0.712,8.754,GA
POL,-12.993,40.525,MZ
POM,-9.443,147.22,PG
POP,19.758,-70.57,DO
POR,61.462,21.8,FI
POS,10.595,-61.338,TT
POZ,52.422,16.823,PL
PPB,-22.175,-51.425,BR
PPE,31.352,-113.305,MX
PPG,-14.331,-170.71,AS
PPK,54.776,69.187,KZ
PPN,2.454,-76.609,CO
PPP,-20.494,148.554,AU
PPS,9.742,118.759,PH
PPT,-17.553,-149.607,PF
PPW,59.351,-2.9,GB
PQC,10.17,103.994,VN
PQI,46.689,-68.045,US
PQQ,-31.436,152.863,AU
PQS,61.962,-162.942,US
PRA,-31.795,-60.48,AR
PRC,34.654,-112.42,US
PRG,50.101,14.26,CZ
PRI,-4.319,55.692,SC
PRM,37.149,-8.584,PT
PRN,42.573,21.036,XK
PSA,43.684,10.393,IT
PSC,46.265,-119.119,US
PSD,31.279,32.241,EG
PSE,18.008,-66.563,PR
PSG,56.802,-132.945,US
PSM,43.078,-70.823,US
PSO,1.397,-77.291,CO
PSP,33.83,-116.507,US
PSR,42.431,14.183,IT
PSS,-27.386,-55.971,AR
PSU,0.835,112.94,ID
PSY,-51.686,-57.778,FK
PSZ,-18.975,-57.821,BO
PTA,60.202,-154.326,US
PTF,-17.778,177.197,FJ
PTG,-23.845,29.459,ZA
PTH,56.958,-158.63,US
PTJ,-38.318,141.471,AU
PTO,-26.217,-52.694,BR
PTP,16.265,-61.533,GP
PTU,59.018,-161.828,US
PTY,9.071,-79.383,PA
PUB,38.289,-104.497,US
PUD,-47.735,-65.904,AR
PUF,43.38,-0.419,FR
PUG,-32.507,137.717,AU
PUJ,18.567,-68.365,DO
PUQ,-53.003,-70.855,CL
PUR,-11.108,-67.551,BO
PUS,35.18,128.938,KR
PUU,0.505,-76.501,CO
PUW,46.742,-117.112,US
PUY,44.894,13.922,HR
PUZ,14.047,-83.387,NI
PVA,13.357,-81.358,CO
PVD,41.725,-71.426,US
PVG,31.143,121.805,CN
PVH,-8.708,-63.902,BR
PVK,38.925,20.765,GR
PVR,20.68,-105.254,MX
PVU,40.219,-111.722,US
PWE,69.783,170.597,RU
PWM,43.646,-70.309,US
PWQ,52.195,77.073,KZ
PXH,-29.716,135.524,AU
PXM,15.877,-97.089,MX
PXO,33.073,-16.35,PT
PXR,14.868,103.498,TH
PXU,14.005,108.017,VN
PYJ,66.4,112.03,RU
PYK,35.776,50.827,IR
PYT,-17.243,-46.883,BR
PZB,-29.649,30.399,ZA
PZH,31.358,69.464,PK
PZI,26.54,101.799,CN
PZO,8.289,-62.76,VE
PZU,19.435,37.234,SD
QBC,52.388,-126.596,CA
QOW,5.427,7.206,NG
QRO,20.619,-100.186,MX
QRW,5.598,5.819,NG
QSF,36.178,5.33,DZ
QSR,40.62,14.911,IT
QSZ,38.245,77.056,CN
QUO,4.872,8.093,NG
RAB,-4.34,152.38,PG
RAE,30.907,41.138,SA
RAH,29.626,43.491,SA
RAI,14.941,-23.485,CV
RAK,31.605,-8.036,MA
RAM,-12.356,134.898,AU
RAO,-21.134,-47.774,BR
RAP,44.045,-103.057,US
RAR,-21.203,-159.806,CK
RAS,37.323,49.618,IR
RBA,34.051,-6.752,MA
RBB,-4.406,-59.602,BR
RBQ,-14.428,-67.497,BO
RBR,-9.869,-67.894,BR
RBV,-8.168,157.643,SB
RBY,64.727,-155.47,US
RCB,-28.741,32.092,ZA
RCE,48.612,-123.139,US
RCH,11.526,-72.926,CO
RCM,-20.702,143.115,AU
RDD,40.509,-122.293,US
RDM,44.254,-121.15,US
RDO,51.389,21.215,PL
RDP,23.622,87.243,IN
RDU,35.879,-78.787,US
RDV,61.788,-157.35,US
RDZ,44.408,2.483,FR
REC,-8.127,-34.923,BR
REG,38.071,15.652,IT
REL,-43.211,-65.27,AR
REN,51.793,55.457,RU
RER,14.521,-91.697,GT
RES,-27.45,-59.056,AR
RET,67.526,12.102,NO
REU,41.148,1.168,ES
REW,24.503,81.22,IN
REX,26.009,-98.228,MX
RFD,42.195,-89.097,US
RFP,-16.723,-151.466,PF
RGA,-53.778,-67.749,AR
RGI,-14.954,-147.661,PF
RGL,-51.609,-69.309,AR
RGN,16.907,96.133,MM
RGO,41.429,129.648,KP
RHD,-27.497,-64.936,AR
RHI,45.631,-89.467,US
RHO,36.405,28.086,GR
RHT,39.225,101.546,CN
RIA,-29.711,-53.688,BR
RIB,-11.009,-66.075,BO
RIC,37.505,-77.32,US
RIH,8.376,-80.128,PA
RIS,45.242,141.186,JP
RIW,43.064,-108.46,US
RIX,56.921,23.971,LV
RIY,14.662,49.375,YE
RIZ,35.405,119.324,CN
RJA,17.106,81.813,IN
RJH,24.437,88.617,BD
RJK,45.216,14.571,HR
RJL,42.461,-2.322,ES
RJM,-0.425,130.774,ID
RJN,30.298,56.049,IR
RKD,44.06,-69.099,US
RKE,55.586,12.131,DK
RKI,-2.1,99.704,ID
RKS,41.594,-109.065,US
RKT,25.614,55.939,AE
RKV,64.129,-21.938,IS
RKZ,29.351,89.299,CN
RLG,53.918,12.278,DE
RLK,40.926,107.741,CN
RMA,-26.545,148.775,AU
RMF,25.556,34.592,EG
RMI,44.02,12.612,IT
RML,6.822,79.886,LK
RMO,46.928,28.932,MD
RMP,65.508,-150.141,US
RMQ,24.265,120.621,TW
RMT,-22.637,-152.806,PF
RMU,37.803,-1.125,ES
RMZ,58.06,68.348,RU
RNB,56.267,15.265,SE
RNI,12.175,-83.059,NI
RNJ,27.044,128.402,JP
RNL,-11.55,160.063,SB
RNN,55.063,14.76,DK
RNO,39.499,-119.768,US
RNP,11.157,166.887,MH
RNS,48.069,-1.735,FR
ROA,37.325,-79.975,US
ROB,6.234,-10.362,LR
ROC,43.119,-77.672,US
ROI,16.117,103.774,TH
ROK,-23.38,150.475,AU
ROO,-16.584,-54.725,BR
ROP,14.173,145.241,MP
ROR,7.367,134.544,PW
ROS,-32.904,-60.785,AR
ROT,-38.109,176.317,NZ
ROW,33.302,-104.531,US
RPR,21.18,81.739,IN
RQA,38.975,88.008,CN
RRG,-19.758,63.361,MU
RRR,-16.05,-142.477,PF
RRS,62.578,11.342,NO
RSA,-36.588,-64.276,AR
RSD,24.892,-76.178,BS
RSH,61.775,-161.319,US
RSI,25.628,37.089,SA
RST,43.908,-92.5,US
RSU,34.842,127.617,KR
RSW,26.535,-81.753,US
RTA,-12.483,177.071,FJ
RTB,16.317,-86.523,HN
RTG,-8.596,120.478,ID
RTI,-10.766,123.076,ID
RTM,51.957,4.437,NL
RUA,3.049,30.912,UG
RUH,24.958,46.699,SA
RUL,0.338,73.513,MV
RUN,-20.89,55.519,RE
RUR,-22.434,-151.361,PF
RUS,-9.862,160.825,SB
RUT,43.529,-72.95,US
RVE,6.952,-71.857,CO
RVK,64.838,11.146,NO
RVN,66.563,25.83,FI
RVV,-23.885,-147.662,PF
RVY,-30.975,-55.476,UY
RXS,11.598,122.752,PH
RYK,28.384,70.28,PK
RYO,-51.605,-72.22,AR
RZE,50.11,22.024,PL
RZR,36.907,50.687,IR
RZV,41.18,40.849,TR
SAB,17.645,-63.221,BQ
SAF,35.617,-106.089,US
SAG,19.689,74.374,IN
SAH,15.476,44.22,YE
SAI,13.37,104.224,KH
SAL,13.444,-89.056,SV
SAN,32.734,-117.19,US
SAP,15.453,-87.924,HN
SAQ,25.054,-78.049,BS
SAT,29.534,-98.47,US
SAV,32.127,-81.2,US
SAW,40.899,29.309,TR
SBA,34.426,-119.84,US
SBD,34.097,-117.237,US
SBH,17.904,-62.843,BL
SBN,41.708,-86.317,US
SBP,35.237,-120.642,US
SBR,-9.378,142.625,AU
SBT,71.219,72.052,RU
SBW,2.262,111.985,MY
SBY,38.34,-75.51,US
SBZ,45.786,24.087,RO
SCC,70.195,-148.465,US
SCE,40.849,-77.849,US
SCK,37.893,-121.238,US
SCL,-33.393,-70.786,CL
SCM,61.845,-165.575,US
SCN,49.215,7.11,DE
SCO,43.86,51.091,KZ
SCQ,42.896,-8.415,ES
SCR,61.165,12.834,SE
SCT,12.632,53.906,YE
SCU,19.975,-75.836,CU
SCV,47.688,26.354,RO
SCW,61.647,50.845,RU
SCY,-0.91,-89.617,EC
SCZ,-10.72,165.795,SB
SDD,-14.925,13.577,AO
SDE,-27.766,-64.31,AR
SDF,38.171,-85.735,US
SDG,35.246,47.009,IR
SDJ,38.14,140.917,JP
SDK,5.901,118.059,MY
SDL,62.528,17.444,SE
SDN,61.83,6.106,NO
SDP,55.314,-160.522,US
SDQ,18.43,-69.669,DO
SDR,43.427,-3.82,ES
SDS,38.06,138.414,JP
SDU,-22.91,-43.163,BR
SDW,16.003,73.53,IN
SDY,47.705,-104.194,US
SEA,47.448,-122.31,US
SEB,26.992,14.466,LY
SEK,67.481,153.736,RU
SEN,51.571,0.694,GB
SET,-8.061,-38.329,BR
SEU,-2.458,34.822,TZ
SEZ,-4.674,55.522,SC
SFA,34.718,10.691,TN
SFB,28.774,-81.235,US
SFC,16.258,-61.263,GP
SFG,18.1,-63.047,MF
SFJ,67.01,-50.715,GL
SFL,14.885,-24.48,CV
SFN,-31.712,-60.812,AR
SFO,37.62,-122.375,US
SFS,14.795,120.272,PH
SFT,64.625,21.077,SE
SGC,61.341,73.406,RU
SGD,54.964,9.792,DK
SGF,37.245,-93.389,US
SGN,10.819,106.652,VN
SGO,-28.05,148.595,AU
SGU,37.036,-113.51,US
SGY,59.46,-135.317,US
SHA,31.198,121.334,CN
SHB,43.577,144.96,JP
SHC,14.076,38.274,ET
SHD,38.264,-78.896,US
SHE,41.64,123.484,CN
SHF,44.242,85.891,CN
SHG,66.888,-157.162,US
SHH,66.25,-166.089,US
SHI,24.827,125.145,JP
SHJ,25.329,55.517,AE
SHL,25.704,91.979,IN
SHM,33.662,135.364,JP
SHO,-26.359,31.717,SZ
SHR,44.769,-106.98,US
SHS,30.293,112.449,CN
SHV,32.445,-93.827,US
SHW,17.467,47.121,SA
SHY,-3.609,33.504,TZ
SID,16.741,-22.949,CV
SIF,27.16,84.98,NP
SIG,18.457,-66.098,PR
SIH,29.262,80.936,NP
SIN,1.35,103.994,SG
SIS,-27.649,22.999,ZA
SIT,57.047,-135.362,US
SJC,37.362,-121.929,US
SJD,23.152,-109.721,MX
SJE,2.58,-72.639,CO
SJI,12.361,121.047,PH
SJJ,43.825,18.331,BA
SJK,-23.229,-45.861,BR
SJL,-0.148,-66.986,BR
SJO,9.994,-84.209,CR
SJP,-20.817,-49.407,BR
SJT,31.358,-100.496,US
SJU,18.439,-66.002,PR
SJW,38.281,114.697,CN
SJZ,38.666,-28.176,PT
SKB,17.311,-62.719,KN
SKD,39.702,66.981,UZ
SKG,40.519,22.97,GR
SKH,28.586,81.636,NP
SKK,64.371,-161.224,US
SKN,68.579,15.033,NO
SKO,12.916,5.208,NG
SKP,41.958,21.623,MK
SKT,32.536,74.365,PK
SKU,38.968,24.487,GR
SKX,54.125,45.212,RU
SKZ,27.722,68.792,PK
SLA,-24.856,-65.486,AR
SLC,40.789,-111.98,US
SLD,48.638,19.134,SK
SLE,44.91,-123.003,US
SLH,-13.852,167.537,VU
SLI,-12.174,26.365,ZM
SLK,44.387,-74.205,US
SLL,17.039,54.091,OM
SLM,40.952,-5.502,ES
SLN,38.791,-97.652,US
SLP,22.262,-100.936,MX
SLQ,61.7,-157.166,US
SLU,14.02,-60.993,LC
SLW,25.538,-100.928,MX
SLX,21.333,-71.2,TC
SLY,66.591,66.611,RU
SLZ,-2.586,-44.235,BR
SMA,36.971,-25.171,PT
SMF,38.695,-121.591,US
SMI,37.69,26.912,GR
SMK,63.49,-162.11,US
SML,23.582,-75.269,BS
SMN,45.122,-113.882,US
SMQ,-2.499,112.975,ID
SMR,11.12,-74.231,CO
SMS,-17.094,49.816,MG
SMT,-12.479,-55.672,BR
SMW,26.732,-11.684,EH
SMX,34.899,-120.457,US
SNA,33.675,-117.869,US
SNB,-11.418,130.648,AU
SNC,-2.21,-80.985,EC
SNE,16.589,-24.284,CV
SNN,52.702,-8.925,IE
SNO,17.195,104.119,TH
SNP,57.166,-170.223,US
SNU,22.492,-79.943,CU
SNV,4.555,-61.145,VE
SNW,18.461,94.3,MM
SNX,35.591,53.495,IR
SOB,46.686,17.159,HU
SOC,-7.516,110.757,ID
SOD,-23.478,-47.49,BR
SOF,42.696,23.418,BG
SOG,61.156,7.138,NO
SOJ,69.787,20.959,NO
SOM,8.945,-64.151,VE
SON,-15.505,167.22,VU
SOQ,-0.894,131.287,ID
SOU,50.95,-1.357,GB
SOV,59.443,-151.705,US
SOW,34.264,-110.007,US
SOY,59.155,-2.641,GB
SPC,28.626,-17.756,ES
SPD,25.759,88.909,BD
SPI,39.844,-89.678,US
SPN,15.119,145.729,MP
SPP,-14.658,17.72,AO
SPR,17.914,-87.971,BZ
SPS,33.989,-98.492,US
SPU,43.539,16.298,HR
SPX,30.108,30.896,EG
SPY,4.747,-6.661,CI
SQD,28.38,117.964,CN
SQG,-0.045,111.458,ID
SQJ,26.426,117.834,CN
SQL,37.513,-122.251,US
SRA,-27.907,-54.521,BR
SRE,-19.247,-65.15,BO
SRG,-6.971,110.373,ID
SRL,27.093,-112.099,MX
SRP,59.792,5.341,NO
SRQ,27.395,-82.554,US
SRT,1.728,33.623,UG
SRV,61.79,-156.589,US
SRY,36.644,53.189,IR
SRZ,-17.812,-63.172,BO
SSA,-12.909,-38.322,BR
SSG,3.755,8.709,GQ
SSH,27.977,34.395,EG
SSJ,65.957,12.469,NO
SSR,-15.471,168.152,VU
SST,-36.542,-56.722,AR
SSW,48.673,-123.175,US
SSY,-6.27,14.247,AO
STC,45.547,-94.06,US
STD,7.565,-72.035,VE
STG,56.577,-169.664,US
STI,19.404,-70.604,DO
STL,38.749,-90.37,US
STM,-2.422,-54.793,BR
STN,51.885,0.235,GB
STR,48.69,9.222,DE
STS,38.509,-122.813,US
STT,18.337,-64.977,VI
STV,21.116,72.743,IN
STW,45.109,42.113,RU
STX,17.701,-64.803,VI
SUB,-7.38,112.787,ID
SUF,38.906,16.246,IT
SUG,9.756,125.481,PH
SUI,42.858,41.128,GE
SUJ,47.703,22.886,RO
SUK,67.792,130.394,RU
SUN,43.504,-114.296,US
SUR,52.709,-88.542,CA
SUV,-18.044,178.561,FJ
SUX,42.398,-96.382,US
SUY,62.185,117.635,RU
SVA,63.686,-170.493,US
SVB,-14.279,50.175,MG
SVC,32.637,-108.155,US
SVD,13.16,-61.149,VC
SVG,58.877,5.638,NO
SVI,2.152,-74.766,CO
SVJ,68.243,14.669,NO
SVL,61.943,28.945,FI
SVO,55.977,37.387,RU
SVQ,37.418,-5.893,ES
SVS,66.017,-149.057,US
SVU,-16.803,179.341,FJ
SVX,56.743,60.803,RU
SVZ,7.841,-72.44,VE
SWA,23.552,116.503,CN
SWF,41.504,-74.109,US
SWL,10.524,119.273,PH
SWO,36.162,-97.086,US
SWQ,-8.489,117.412,ID
SWX,-18.374,21.833,BW
SXB,48.538,7.628,FR
SXK,-7.848,131.337,ID
SXM,18.041,-63.109,SX
SXP,62.521,-164.848,US
SXR,33.987,74.774,IN
SYD,-33.946,151.177,AU
SYM,22.793,100.959,CN
SYO,38.812,139.787,JP
SYQ,9.957,-84.14,CR
SYR,43.111,-76.106,US
SYS,71.928,114.08,RU
SYU,-10.208,142.825,AU
SYX,18.303,109.412,CN
SYY,58.216,-6.331,GB
SYZ,29.539,52.59,IR
SZA,-6.141,12.372,AO
SZB,3.131,101.549,MY
SZE,11.787,40.992,ET
SZF,41.254,36.568,TR
SZG,47.793,13.004,AT
SZH,39.273,112.692,CN
SZI,47.487,84.888,KZ
SZK,-24.961,31.589,ZA
SZX,22.639,113.803,CN
SZY,53.482,20.938,PL
SZZ,53.585,14.902,PL
TAB,11.15,-60.831,TT
TAC,11.228,125.028,PH
TAE,35.894,128.657,KR
TAG,9.573,123.77,PH
TAH,-19.455,169.224,VU
TAI,13.686,44.139,YE
TAK,34.215,134.015,JP
TAL,65.174,-152.109,US
TAM,22.293,-97.867,MX
TAO,36.362,120.088,CN
TAP,14.795,-92.37,MX
TAS,41.258,69.281,UZ
TAT,49.071,20.241,SK
TAY,58.307,26.686,EE
TAZ,41.76,59.836,TM
TBB,13.05,109.334,VN
TBG,-5.28,141.228,PG
TBH,12.311,122.085,PH
TBI,24.315,-75.452,BS
TBJ,36.98,8.877,TN
TBM,-1.469,113.081,ID
TBN,37.742,-92.141,US
TBO,-5.076,32.833,TZ
TBP,-3.552,-80.381,PE
TBS,41.669,44.955,GE
TBT,-4.256,-69.936,BR
TBU,-21.241,-175.149,TO
TBZ,38.134,46.235,IR
TCA,-19.634,134.183,AU
TCB,26.745,-77.391,BS
TCD,-2.896,-69.75,CO
TCG,46.673,83.341,CN
TCO,1.814,-78.749,CO
TCP,29.594,34.776,EG
TCQ,-18.053,-70.276,PE
TCR,8.724,78.026,IN
TCT,62.993,-156.029,US
TCZ,24.938,98.486,CN
TDD,-14.819,-64.918,BO
TDK,45.123,78.443,KZ
TDS,-7.622,142.868,PG
TDX,12.275,102.319,TH
TEB,40.85,-74.061,US
TEE,35.432,8.121,DZ
TEK,60.871,-146.69,US
TEN,27.883,109.309,CN
TEQ,41.138,27.919,TR
TER,38.762,-27.091,PT
TET,-16.105,33.64,MZ
TEX,37.954,-107.908,US
TEZ,26.709,92.785,IN
TFF,-3.383,-64.724,BR
TFI,-9.076,149.32,PG
TFN,28.483,-16.342,ES
TFS,28.044,-16.573,ES
TFU,30.313,104.441,CN
TGD,42.359,19.252,ME
TGG,5.383,103.103,MY
TGH,-16.891,168.551,VU
TGJ,-21.096,167.804,NC
TGM,46.468,24.413,RO
TGO,43.557,122.2,CN
TGQ,-14.662,-57.444,BR
TGR,33.068,6.089,DZ
TGT,-5.092,39.071,TZ
TGU,14.061,-87.217,HN
TGZ,16.562,-93.026,MX
THD,19.902,105.468,VN
THE,-5.06,-42.824,BR
THG,-24.495,150.578,AU
THL,20.484,99.935,MM
THN,58.318,12.345,SE
THO,66.218,-15.335,IS
THQ,34.56,105.86,CN
THR,35.689,51.314,IR
THS,17.238,99.818,TH
THX,65.797,87.935,RU
TIA,41.415,19.721,AL
TIE,7.202,35.415,ET
TIF,21.485,40.544,SA
TIH,-15.12,-148.231,PF
TIJ,32.541,-116.97,MX
TIM,-4.53,136.887,ID
TIN,27.7,-8.167,DZ
TIQ,14.999,145.619,MP
TIR,13.632,79.54,IN
TIU,-44.303,171.225,NZ
TIV,42.405,18.723,ME
TIW,47.267,-122.577,US
TIZ,-5.845,142.948,PG
TJA,-21.556,-64.701,BO
TJG,-2.217,115.436,ID
TJH,35.513,134.787,JP
TJK,40.325,36.391,TR
TJL,-20.753,-51.682,BR
TJM,57.179,65.328,RU
TJQ,-2.744,107.755,ID
TJS,2.838,117.375,ID
TJU,37.988,69.805,TJ
TKD,4.896,-1.775,GH
TKF,39.319,-120.141,US
TKG,-5.247,105.183,ID
TKJ,63.329,-142.954,US
TKK,7.462,151.843,FM
TKM,56.362,114.93,RU
TKN,27.836,128.881,JP
TKP,-14.71,-145.246,PF
TKQ,-4.886,29.671,TZ
TKS,34.133,134.608,JP
TKU,60.514,22.263,FI
TKV,-17.355,-138.447,PF
TKX,-14.456,-145.025,PF
TLA,65.24,-166.339,US
TLC,19.337,-99.566,MX
TLE,-23.383,43.728,MG
TLH,30.401,-84.354,US
TLI,1.123,120.794,ID
TLL,59.413,24.833,EE
TLM,35.013,-1.457,DZ
TLN,43.097,6.146,FR
TLQ,43.031,89.099,CN
TLS,43.629,1.364,FR
TLT,61.087,-160.923,US
TLU,9.509,-75.585,CO
TLV,32.011,34.887,IL
TLY,44.815,136.292,RU
TMC,-9.409,119.243,ID
TME,6.451,-71.76,CO
TMF,2.211,73.153,MV
TMG,5.403,118.658,MY
TMH,-6.097,140.304,ID
TMI,27.315,87.193,NP
TMJ,37.287,67.312,UZ
TML,9.554,-0.866,GH
TMM,-18.114,49.392,MG
TMP,61.414,23.604,FI
TMR,22.811,5.451,DZ
TMS,0.378,6.712,ST
TMT,-1.49,-56.397,BR
TMW,-31.078,150.845,AU
TMX,29.237,0.276,DZ
TNA,36.857,117.216,CN
TNC,65.563,-167.922,US
TND,21.788,-79.997,CU
TNE,30.605,130.991,JP
TNG,35.732,-5.921,MA
TNH,42.048,125.734,CN
TNJ,0.924,104.533,ID
TNK,60.57,-165.247,US
TNN,22.95,120.206,TW
TNR,-18.797,47.479,MG
TOD,2.818,104.16,MY
TOE,33.94,8.111,TN
TOF,56.38,85.208,RU
TOG,59.053,-160.397,US
TOL,41.587,-83.808,US
TOM,16.73,-3.008,ML
TOS,69.683,18.919,NO
TOU,-20.79,165.26,NC
TOW,-24.686,-53.697,BR
TOY,36.648,137.187,JP
TPA,27.976,-82.533,US
TPE,25.078,121.233,TW
TPI,-8.357,146.989,PG
TPJ,27.351,87.695,NP
TPP,-6.509,-76.373,PE
TPQ,21.42,-104.842,MX
TPS,37.911,12.488,IT
TQO,20.172,-87.66,MX
TRA,24.654,124.675,JP
TRC,25.562,-103.405,MX
TRD,63.458,10.924,NO
TRE,56.499,-6.869,GB
TRF,59.187,10.259,NO
TRG,-37.672,176.196,NZ
TRI,36.475,-82.407,US
TRK,3.325,117.564,ID
TRN,45.201,7.65,IT
TRR,8.539,81.181,LK
TRS,45.828,13.467,IT
TRT,-3.184,119.919,ID
TRU,-8.082,-79.109,PE
TRV,8.482,76.92,IN
TRW,1.382,173.147,KI
TRZ,10.763,78.718,IN
TSA,25.067,121.553,TW
TSF,45.648,12.194,IT
TSJ,34.285,129.331,JP
TSM,36.452,-105.677,US
TSN,39.124,117.346,CN
TSR,45.81,21.338,RO
TST,7.509,99.617,TH
TSV,-19.253,146.767,AU
TTA,28.448,-11.162,MA
TTE,0.831,127.382,ID
TTJ,35.53,134.165,JP
TTN,40.277,-74.813,US
TTS,-16.751,47.619,MG
TTT,22.755,121.102,TW
TTU,35.594,-5.32,MA
TUA,0.81,-77.708,EC
TUB,-23.365,-149.524,PF
TUC,-26.837,-65.104,AR
TUF,47.432,0.728,FR
TUG,17.643,121.733,PH
TUI,31.692,38.732,SA
TUK,25.985,63.029,PK
TUL,36.197,-95.886,US
TUN,36.851,10.227,TN
TUO,-38.74,176.084,NZ
TUP,34.268,-88.77,US
TUR,-3.786,-49.72,BR
TUS,32.115,-110.938,US
TUU,28.371,36.625,SA
TVC,44.741,-85.582,US
TVF,48.066,-96.185,US
TVS,39.718,118.003,CN
TVT,41.313,69.396,UZ
TVU,-16.691,-179.877,FJ
TVY,14.104,98.204,MM
TWA,59.075,-160.275,US
TWC,39.887,79.233,CN
TWF,42.482,-114.488,US
TWT,5.048,119.743,PH
TWU,4.313,118.122,MY
TXE,4.721,96.852,ID
TXK,33.454,-93.991,US
TXN,29.733,118.256,CN
TYF,60.158,12.991,SE
TYL,-4.577,-81.254,PE
TYN,37.747,112.628,CN
TYR,32.354,-95.402,US
TYS,35.811,-83.994,US
TZA,17.517,-88.196,BZ
TZL,44.46,18.724,BA
TZN,24.159,-77.59,BS
TZX,40.995,39.79,TR
UAH,-8.936,-139.554,PF
UAI,-9.302,125.286,TL
UAP,-9.352,-140.078,PF
UAQ,-31.572,-68.418,AR
UAR,32.514,-1.983,MA
UBA,-19.765,-47.965,BR
UBB,-9.95,142.195,AU
UBJ,33.93,131.279,JP
UBN,47.647,106.82,MN
UBP,15.251,104.87,TH
UCB,41.13,113.107,CN
UCT,63.567,53.805,RU
UDI,-18.884,-48.226,BR
UDR,24.618,73.896,IN
UEL,-17.855,36.869,MZ
UEO,26.363,126.714,JP
UET,30.251,66.938,PK
UFA,54.557,55.874,RU
UGA,48.855,103.476,MN
UGC,41.583,60.643,UZ
UGU,-3.74,137.031,ID
UIB,5.691,-76.641,CO
UIH,13.955,109.042,VN
UII,16.113,-86.88,HN
UIN,39.943,-91.195,US
UIO,-0.125,-78.354,EC
UIT,5.909,169.637,MH
UJE,8.928,165.762,MH
UKB,34.633,135.224,JP
UKE,20.098,83.183,IN
UKG,70.011,135.645,RU
UKK,50.035,82.496,KZ
UKX,56.857,105.73,RU
ULG,48.993,89.923,MN
ULH,26.484,38.117,SA
ULK,60.724,114.825,RU
ULO,50.067,91.938,MN
ULP,-26.609,144.254,AU
ULU,2.806,32.272,UG
ULV,54.27,48.226,RU
ULY,54.401,48.803,RU
ULZ,47.709,96.526,MN
UME,63.792,20.283,SE
UMS,60.357,134.437,RU
UMU,-23.799,-53.314,BR
UNA,-15.354,-38.999,BR
UNG,-6.126,141.282,PG
UNI,12.6,-61.412,VC
UNK,63.888,-160.799,US
UNN,9.778,98.586,TH
UOL,1.102,121.413,ID
UPG,-5.076,119.554,ID
UPN,19.397,-102.039,MX
URA,51.152,51.544,KZ
URC,43.914,87.479,CN
URE,58.23,22.51,EE
URG,-29.782,-57.038,BR
URJ,60.103,64.827,RU
URT,9.133,99.136,TH
URY,31.412,37.279,SA
USA,35.388,-80.709,US
USH,-54.843,-68.296,AR
USJ,46.191,80.831,KZ
USK,66.005,57.367,RU
USM,9.548,100.062,TH
USN,35.593,129.352,KR
USR,64.55,143.115,RU
UST,29.959,-81.34,US
USU,12.122,120.101,PH
UTH,17.386,102.789,TH
UTK,11.222,169.851,MH
UTN,-28.4,21.264,ZA
UTO,65.993,-153.704,US
UTP,12.68,101.005,TH
UTT,-31.546,28.673,ZA
UUA,54.641,52.8,RU
UUD,51.809,107.44,RU
UUS,46.885,142.717,RU
UVE,-20.641,166.573,NC
UVF,13.733,-60.953,LC
UVI,-26.233,-51.067,BR
UYL,12.053,24.956,SD
UYN,38.36,109.591,CN
UYU,-20.441,-66.858,BO
UZR,47.092,81.668,KZ
VAA,63.05,21.763,FI
VAI,-2.693,141.303,PG
VAK,61.541,-165.601,US
VAL,-13.296,-38.992,BR
VAM,3.472,72.833,MV
VAN,38.468,43.332,TR
VAO,-7.586,158.731,SB
VAQ,60.356,102.31,RU
VAR,43.232,27.825,BG
VAS,39.814,36.904,TR
VAV,-18.585,-173.962,TO
VAW,70.355,31.045,NO
VBS,45.429,10.331,IT
VBV,-17.269,-178.976,FJ
VBY,57.663,18.346,SE
VCA,10.083,105.709,VN
VCE,45.505,12.352,IT
VCL,15.403,108.706,VN
VCP,-23.007,-47.135,BR
VCS,8.732,106.633,VN
VCT,28.853,-96.919,US
VDC,-14.908,-40.915,BR
VDE,27.815,-17.887,ES
VDH,17.515,106.591,VN
VDM,-40.869,-63.0,AR
VDO,21.121,107.415,VN
VDS,70.065,29.845,NO
VDZ,61.133,-146.247,US
VEE,67.009,-146.366,US
VEL,40.436,-109.512,US
VEO,60.373,93.012,RU
VER,19.14,-96.189,MX
VFA,-18.097,25.837,ZW
VGA,16.53,80.805,IN
VGO,42.232,-8.627,ES
VHM,64.579,16.834,SE
VHV,63.458,120.269,RU
VIE,48.11,16.57,AT
VIG,8.624,-71.673,VE
VII,18.738,105.671,VN
VIJ,18.447,-64.428,VG
VIL,23.718,-15.932,EH
VIT,42.883,-2.724,ES
VIX,-20.258,-40.285,BR
VJB,-24.893,33.753,MZ
VKG,9.958,105.132,VN
VKO,55.591,37.262,RU
VKT,67.489,63.993,RU
VLC,39.489,-0.481,ES
VLD,30.782,-83.277,US
VLI,-17.699,168.32,VU
VLL,41.706,-4.852,ES
VLN,10.15,-67.928,VE
VLS,-16.796,168.177,VU
VLV,9.34,-70.584,VE
VMU,-7.497,144.822,PG
VNO,54.634,25.286,LT
VNS,25.452,82.863,IN
VNX,-22.018,35.313,MZ
VOG,48.781,44.339,RU
VOL,39.22,22.794,GR
VOZ,51.814,39.231,RU
VPE,-17.044,15.684,AO
VPN,65.721,-14.851,IS
VPS,30.481,-86.516,US
VPY,-19.151,33.429,MZ
VQS,18.135,-65.494,PR
VRA,23.034,-81.435,CU
VRB,27.656,-80.418,US
VRC,13.576,124.206,PH
VRL,41.274,-7.72,PT
VRN,45.395,10.887,IT
VSA,17.994,-92.818,MX
VSE,40.725,-7.889,PT
VST,59.589,16.634,SE
VSV,27.5,82.033,IN
VTE,17.985,102.567,LA
VTU,20.988,-76.936,CU
VTZ,17.972,83.504,IN
VUP,10.435,-73.249,CO
VUS,60.788,46.26,RU
VVC,4.168,-73.614,CO
VVI,-17.645,-63.135,BO
VVO,43.396,132.148,RU
VVZ,26.723,8.623,DZ
VXC,-13.274,35.266,MZ
VXE,16.833,-25.055,CV
VXO,56.929,14.728,SE
VYI,63.757,121.693,RU
WAA,65.623,-168.095,US
WAE,20.504,45.2,SA
WAG,-39.963,175.024,NZ
WAW,52.166,20.967,PL
WBB,63.516,-162.278,US
WBM,-5.635,143.892,PG
WBQ,66.362,-147.407,US
WDH,-22.48,17.471,NA
WDN,48.711,-123.018,US
WDS,32.593,110.906,CN
WEF,36.647,119.119,CN
WEH,37.187,122.229,CN
WEI,-12.677,141.923,AU
WGA,-35.163,147.468,AU
WGE,-30.033,148.126,AU
WGN,26.806,110.641,CN
WGP,-9.669,120.302,ID
WHA,31.105,118.667,CN
WHK,-37.922,176.917,NZ
WIC,58.459,-3.093,GB
WIL,-1.322,36.815,KE
WIN,-22.364,143.086,AU
WJR,1.733,40.092,KE
WJU,37.437,127.96,KR
WKA,-44.722,169.246,NZ
WKJ,45.404,141.801,JP
WKK,59.283,-158.618,US
WLG,-41.327,174.807,NZ
WLH,-15.412,167.691,VU
WLK,66.6,-159.986,US
WLS,-13.239,-176.199,WF
WMI,52.451,20.652,PL
WMN,-15.438,49.689,MG
WMO,64.689,-163.413,US
WMT,27.962,106.435,CN
WMX,-4.097,138.952,ID
WNA,60.69,-161.979,US
WNH,23.558,104.326,CN
WNI,-5.292,123.636,ID
WNN,52.894,-89.289,CA
WNP,13.585,123.27,PH
WNR,-25.411,142.668,AU
WNS,26.219,68.39,PK
WNZ,27.911,120.853,CN
WOS,39.165,127.488,KP
WRE,-35.769,174.364,NZ
WRG,56.484,-132.37,US
WRO,51.104,16.882,PL
WRY,59.35,-2.95,GB
WSK,31.069,109.709,CN
WSN,58.702,-157.005,US
WST,41.35,-71.803,US
WSZ,-41.737,171.579,NZ
WTA,-17.476,43.973,MG
WTB,-27.558,151.793,AU
WTE,9.458,170.239,MH
WTK,67.561,-162.98,US
WTL,60.351,-162.654,US
WTO,10.173,166.003,MH
WUA,39.793,106.799,CN
WUH,30.775,114.214,CN
WUN,-26.633,120.222,AU
WUS,27.702,118.001,CN
WUT,38.597,112.969,CN
WUU,7.726,27.975,SS
WUX,31.497,120.43,CN
WUZ,23.403,111.093,CN
WVB,-22.979,14.647,NA
WWK,-3.584,143.669,PG
WWT,60.81,-164.5,US
WXN,30.802,108.433,CN
WYA,-33.059,137.514,AU
WYS,44.688,-111.118,US
XAI,32.541,114.079,CN
XAP,-27.134,-52.657,BR
XBE,53.966,-91.027,CA
XBJ,32.897,59.281,IR
XCH,-10.45,105.691,CX
XCR,48.773,4.206,FR
XFN,32.152,112.292,CN
XGR,58.711,-65.993,CA
XIC,27.989,102.184,CN
XIL,43.916,115.964,CN
XIY,34.442,108.762,CN
XKH,19.45,103.158,LA
XKS,53.525,-88.643,CA
XLB,58.614,-101.469,CA
XMH,-14.437,-146.07,PF
XMN,24.544,118.127,CN
XMS,-2.299,-78.121,EC
XMY,-9.899,142.774,AU
XNA,36.282,-94.307,US
XNN,36.528,102.04,CN
XPK,55.749,-101.266,CA
XPL,14.382,-87.621,HN
XQP,9.443,-84.13,CR
XQU,49.337,-124.393,CA
XRY,36.745,-6.06,ES
XSC,21.516,-71.529,TC
XSI,56.793,-98.907,CA
XSP,1.416,103.867,SG
XTG,-27.986,143.812,AU
XTL,58.706,-98.511,CA
XUZ,34.059,117.555,CN
XWA,48.261,-103.751,US
XYA,-9.093,159.218,SB
YAA,52.452,-125.304,CA
YAB,73.006,-85.046,CA
YAC,51.727,-91.824,CA
YAG,48.656,-93.443,CA
YAK,59.509,-139.66,US
YAL,50.582,-126.916,CA
YAM,46.483,-84.508,CA
YAP,9.499,138.083,FM
YAS,-16.759,177.545,FJ
YAT,52.928,-82.432,CA
YAX,53.849,-89.579,CA
YAY,51.392,-56.083,CA
YAZ,49.08,-125.776,CA
YBB,68.536,-89.806,CA
YBC,49.133,-68.204,CA
YBE,59.561,-108.481,CA
YBG,48.33,-70.992,CA
YBI,53.47,-55.788,CA
YBK,64.299,-96.078,CA
YBL,49.951,-125.271,CA
YBP,28.858,104.526,CN
YBR,49.91,-99.952,CA
YBT,57.889,-101.679,CA
YBV,52.359,-97.018,CA
YBX,51.444,-57.185,CA
YBY,54.304,-110.744,CA
YCB,69.108,-105.138,CA
YCD,49.055,-123.87,CA
YCG,49.296,-117.632,CA
YCK,67.02,-126.128,CA
YCM,43.192,-79.172,CA
YCO,67.816,-115.143,CA
YCR,54.61,-97.762,CA
YCS,63.347,-90.731,CA
YCU,35.118,111.034,CN
YCY,70.486,-68.517,CA
YDA,64.043,-139.128,CA
YDF,49.208,-57.396,CA
YDL,58.422,-130.032,CA
YDN,51.101,-100.052,CA
YDP,56.551,-61.682,CA
YDV,51.785,-96.692,CA
YEG,53.31,-113.58,CA
YEI,40.255,29.563,TR
YEK,61.094,-94.071,CA
YER,56.019,-87.676,CA
YEV,68.304,-133.483,CA
YFA,52.203,-81.695,CA
YFB,63.756,-68.556,CA
YFC,45.869,-66.53,CA
YFH,51.562,-87.908,CA
YFJ,64.191,-114.077,CA
YFO,54.678,-101.682,CA
YFS,61.76,-121.237,CA
YFX,52.373,-55.674,CA
YGH,66.241,-128.648,CA
YGJ,35.492,133.236,JP
YGL,53.625,-77.704,CA
YGO,54.558,-94.49,CA
YGP,48.775,-64.482,CA
YGR,47.425,-61.779,CA
YGT,69.365,-81.816,CA
YGV,50.282,-63.611,CA
YGW,55.282,-77.765,CA
YGX,56.357,-94.712,CA
YGZ,76.426,-82.909,CA
YHA,52.528,-56.286,CA
YHG,52.766,-56.112,CA
YHI,70.763,-117.806,CA
YHK,68.636,-95.85,CA
YHM,43.171,-79.929,CA
YHO,55.449,-60.228,CA
YHP,52.113,-94.256,CA
YHR,50.468,-59.638,CA
YHU,45.518,-73.417,CA
YHY,60.84,-115.783,CA
YHZ,44.881,-63.509,CA
YIA,-7.905,110.057,ID
YIC,27.802,114.306,CN
YIE,47.311,119.912,CN
YIF,51.212,-58.658,CA
YIH,30.554,111.483,CN
YIK,62.417,-77.925,CA
YIN,43.956,81.33,CN
YIO,72.689,-77.969,CA
YIV,53.857,-94.654,CA
YIW,29.342,120.031,CN
YKA,50.703,-120.449,CA
YKF,43.461,-80.379,CA
YKG,60.027,-69.999,CA
YKH,40.543,122.359,CN
YKL,54.805,-66.805,CA
YKM,46.568,-120.544,US
YKO,37.55,44.238,TR
YKQ,51.473,-78.758,CA
YKS,62.093,129.771,RU
YKU,53.806,-78.917,CA
YLC,62.848,-69.878,CA
YLE,63.132,-117.246,CA
YLH,52.196,-87.934,CA
YLK,44.485,-79.555,CA
YLL,53.309,-110.073,CA
YLW,49.956,-119.378,CA
YLX,22.433,110.12,CN
YMH,52.303,-55.847,CA
YMM,56.653,-111.222,CA
YMN,55.077,-59.188,CA
YMO,51.291,-80.608,CA
YMP,50.573,-127.028,CA
YMS,-5.894,-76.118,PE
YMT,49.772,-74.528,CA
YMX,45.68,-74.039,CA
YNA,50.19,-61.789,CA
YNB,24.144,38.063,SA
YNC,53.011,-78.831,CA
YND,45.522,-75.564,CA
YNE,53.958,-97.844,CA
YNJ,42.883,129.451,CN
YNL,58.277,-104.082,CA
YNO,52.49,-92.971,CA
YNP,55.914,-61.184,CA
YNS,51.691,-76.136,CA
YNT,37.66,120.978,CN
YNY,38.06,128.67,KR
YNZ,33.428,120.205,CN
YOC,67.571,-139.839,CA
YOG,51.659,-85.902,CA
YOH,54.933,-95.279,CA
YOJ,58.621,-117.165,CA
YOL,9.258,12.43,NG
YON,27.256,91.515,BT
YOW,45.322,-75.669,CA
YPA,53.214,-105.673,CA
YPC,69.361,-124.075,CA
YPE,56.227,-117.447,CA
YPH,58.472,-78.077,CA
YPJ,59.297,-69.6,CA
YPL,51.446,-90.214,CA
YPM,51.82,-93.973,CA
YPN,49.836,-64.289,CA
YPO,54.988,-85.443,CA
YPQ,44.232,-78.362,CA
YPR,54.286,-130.445,CA
YPW,49.834,-124.5,CA
YPX,60.051,-77.287,CA
YPY,58.767,-111.117,CA
YPZ,54.376,-125.951,CA
YQA,44.975,-79.307,CA
YQB,46.791,-71.393,CA
YQC,61.046,-69.618,CA
YQD,53.971,-101.091,CA
YQG,42.276,-82.956,CA
YQH,60.117,-128.822,CA
YQK,49.788,-94.363,CA
YQL,49.63,-112.8,CA
YQM,46.113,-64.677,CA
YQN,50.183,-86.696,CA
YQQ,49.711,-124.887,CA
YQR,50.432,-104.661,CA
YQT,48.372,-89.324,CA
YQU,55.18,-118.885,CA
YQX,48.936,-54.568,CA
YQY,46.161,-60.05,CA
YQZ,53.026,-122.51,CA
YRA,64.116,-117.31,CA
YRB,74.717,-94.969,CA
YRF,53.683,-57.042,CA
YRG,54.18,-58.458,CA
YRJ,48.52,-72.266,CA
YRL,51.067,-93.793,CA
YRO,45.46,-75.644,CA
YRS,54.167,-93.557,CA
YRT,62.811,-92.116,CA
YSB,46.625,-80.799,CA
YSF,59.25,-105.841,CA
YSG,62.418,-110.683,CA
YSJ,45.316,-65.89,CA
YSK,56.537,-79.25,CA
YSM,60.02,-111.962,CA
YSO,54.91,-59.785,CA
YSQ,44.931,124.552,CN
YST,53.845,-94.852,CA
YSY,71.994,-125.243,CA
YTE,64.23,-76.527,CA
YTH,55.801,-97.864,CA
YTL,53.818,-89.897,CA
YTQ,58.668,-69.956,CA
YTS,48.57,-81.377,CA
YTW,36.809,81.783,CN
YTY,32.563,119.72,CN
YTZ,43.628,-79.396,CA
YUD,56.536,-76.518,CA
YUL,45.468,-73.742,CA
YUM,32.651,-114.609,US
YUS,32.836,97.036,CN
YUT,66.521,-86.225,CA
YUX,68.776,-81.243,CA
YUY,48.206,-78.836,CA
YVB,48.071,-65.46,CA
YVC,55.151,-105.262,CA
YVM,67.547,-64.031,CA
YVO,48.053,-77.783,CA
YVP,58.096,-68.427,CA
YVQ,65.282,-126.798,CA
YVR,49.194,-123.184,CA
YVV,44.746,-81.107,CA
YVZ,52.656,-94.061,CA
YWB,61.589,-71.929,CA
YWG,49.91,-97.24,CA
YWJ,65.211,-123.436,CA
YWK,52.922,-66.864,CA
YWL,52.183,-122.054,CA
YWM,52.567,-55.785,CA
YWP,52.959,-87.375,CA
YXC,49.611,-115.782,CA
YXE,52.171,-106.701,CA
YXH,50.019,-110.721,CA
YXJ,56.238,-120.74,CA
YXL,50.114,-91.905,CA
YXN,62.24,-92.598,CA
YXP,66.145,-65.714,CA
YXS,53.884,-122.667,CA
YXT,54.468,-128.576,CA
YXU,43.033,-81.149,CA
YXX,49.025,-122.361,CA
YXY,60.709,-135.066,CA
YYA,29.312,113.282,CN
YYB,46.364,-79.423,CA
YYC,51.119,-114.01,CA
YYD,54.825,-127.183,CA
YYE,58.836,-122.597,CA
YYF,49.463,-119.602,CA
YYG,46.289,-63.125,CA
YYH,69.547,-93.577,CA
YYJ,48.647,-123.428,CA
YYL,56.864,-101.076,CA
YYQ,58.739,-94.065,CA
YYR,53.319,-60.426,CA
YYT,47.619,-52.752,CA
YYY,48.609,-68.208,CA
YYZ,43.676,-79.629,CA
YZF,62.463,-114.44,CA
YZG,62.179,-75.667,CA
YZP,53.254,-131.814,CA
YZS,64.193,-83.359,CA
YZT,50.681,-127.367,CA
YZU,54.144,-115.787,CA
YZV,50.223,-66.266,CA
YZY,38.802,100.675,CN
YZZ,49.056,-117.609,CA
ZAD,44.097,15.354,HR
ZAG,45.743,16.069,HR
ZAH,29.476,60.906,IR
ZAL,-39.65,-73.086,CL
ZAM,6.922,122.06,PH
ZAT,27.206,103.692,CN
ZAZ,41.666,-1.042,ES
ZBF,47.63,-65.739,CA
ZBR,25.443,60.382,IR
ZCL,22.895,-102.687,MX
ZCO,-38.926,-72.651,CL
ZDY,24.51,52.335,AE
ZEL,52.185,-128.157,CA
ZEM,52.226,-78.522,CA
ZFD,59.334,-107.182,CA
ZFL,43.088,81.223,CN
ZFM,67.407,-134.86,CA
ZFN,64.909,-125.57,CA
ZGI,54.84,-94.079,CA
ZGS,50.26,-60.674,CA
ZHA,21.482,110.59,CN
ZHY,37.573,105.154,CN
ZIA,55.553,38.15,RU
ZIG,12.556,-16.283,SN
ZIH,17.602,-101.461,MX
ZIX,66.797,123.361,RU
ZKE,52.283,-81.678,CA
ZKP,65.749,150.889,RU
ZLO,19.145,-104.559,MX
ZLT,50.831,-58.976,CA
ZMT,54.028,-132.125,CA
ZND,13.779,8.984,NE
ZNE,-23.418,119.803,AU
ZNZ,-6.222,39.225,TZ
ZOS,-40.611,-73.061,CL
ZPB,53.891,-92.196,CA
ZPC,-39.293,-71.916,CL
ZQN,-45.019,168.746,NZ
ZQZ,40.739,114.933,CN
ZRH,47.458,8.548,CH
ZRJ,52.944,-91.313,CA
ZSA,24.063,-74.523,BS
ZSE,-21.319,55.423,RE
ZSJ,53.064,-93.344,CA
ZTB,50.674,-59.384,CA
ZTH,37.751,20.884,GR
ZTM,55.864,-92.081,CA
ZUH,22.006,113.376,CN
ZUM,53.562,-64.106,CA
ZWL,58.107,-103.172,CA
ZYI,27.811,107.247,CN
ZYL,24.964,91.865,BD
